window,phase,feature,n,r2,rmse
63,development,h0_mean,1762,0.936186010621,0.0268534130032
63,validation,h0_mean,754,0.812943780059,0.0440905700616
63,development,h0_max,1762,0.749731676522,0.0663450653879
63,validation,h0_max,754,0.576379777095,0.0644268005363
63,development,h1_total,1762,0.269171286884,0.0889777484759
63,validation,h1_total,754,0.201304760509,0.169119821897
63,development,h1_max,1762,0.176201328593,0.0242150591452
63,validation,h1_max,754,0.2806763709,0.0247286925865
126,development,h0_mean,1762,0.9589420265,0.0202741816235
126,validation,h0_mean,754,0.562830123084,0.0527216592975
126,development,h0_max,1762,0.810239946189,0.0548917147262
126,validation,h0_max,754,-0.194967797163,0.0885562052697
126,development,h1_total,1762,0.344806203099,0.0522282998559
126,validation,h1_total,754,0.34337326198,0.0936189268634
126,development,h1_max,1762,0.223490305899,0.0167738116366
126,validation,h1_max,754,0.302945200623,0.0177508831918
252,development,h0_mean,1762,0.971001724622,0.0138081546757
252,validation,h0_mean,754,-0.016713617542,0.0596167501135
252,development,h0_max,1762,0.89531879718,0.034182759261
252,validation,h0_max,754,-1.94138742671,0.107291698345
252,development,h1_total,1762,0.193490875908,0.036485196591
252,validation,h1_total,754,0.0317929180875,0.076124356402
252,development,h1_max,1762,0.0899135395155,0.0142159637154
252,validation,h1_max,754,0.0974050357773,0.0215037619098
