window,phase,feature,control,spearman,n
63,development,h0_mean,mean_correlation,-0.919400523155,1762
63,development,h0_mean,mean_stock_volatility,-0.779966430221,1762
63,development,h0_mean,spy_volatility,-0.846853251134,1762
63,validation,h0_mean,mean_correlation,-0.935909587711,754
63,validation,h0_mean,mean_stock_volatility,-0.88621524582,754
63,validation,h0_mean,spy_volatility,-0.953073080174,754
63,development,h0_max,mean_correlation,-0.755477907654,1762
63,development,h0_max,mean_stock_volatility,-0.744253234562,1762
63,development,h0_max,spy_volatility,-0.722080809128,1762
63,validation,h0_max,mean_correlation,-0.902376770082,754
63,validation,h0_max,mean_stock_volatility,-0.813406517622,754
63,validation,h0_max,spy_volatility,-0.910727606202,754
63,development,h1_total,mean_correlation,-0.525465076471,1762
63,development,h1_total,mean_stock_volatility,-0.415848030543,1762
63,development,h1_total,spy_volatility,-0.491008779846,1762
63,validation,h1_total,mean_correlation,-0.840403278764,754
63,validation,h1_total,mean_stock_volatility,-0.718210692285,754
63,validation,h1_total,spy_volatility,-0.769618334854,754
63,development,h1_max,mean_correlation,-0.411357146601,1762
63,development,h1_max,mean_stock_volatility,-0.29819479661,1762
63,development,h1_max,spy_volatility,-0.372282160287,1762
63,validation,h1_max,mean_correlation,-0.624442962774,754
63,validation,h1_max,mean_stock_volatility,-0.503831432399,754
63,validation,h1_max,spy_volatility,-0.554930858889,754
126,development,h0_mean,mean_correlation,-0.934604881411,1762
126,development,h0_mean,mean_stock_volatility,-0.834115043607,1762
126,development,h0_mean,spy_volatility,-0.852218542543,1762
126,validation,h0_mean,mean_correlation,-0.967819022013,754
126,validation,h0_mean,mean_stock_volatility,-0.954366439944,754
126,validation,h0_mean,spy_volatility,-0.981636228463,754
126,development,h0_max,mean_correlation,-0.87851052566,1762
126,development,h0_max,mean_stock_volatility,-0.792074194637,1762
126,development,h0_max,spy_volatility,-0.802741782939,1762
126,validation,h0_max,mean_correlation,-0.889615672606,754
126,validation,h0_max,mean_stock_volatility,-0.869579275954,754
126,validation,h0_max,spy_volatility,-0.908486195048,754
126,development,h1_total,mean_correlation,-0.592926912392,1762
126,development,h1_total,mean_stock_volatility,-0.382230726909,1762
126,development,h1_total,spy_volatility,-0.425311744,1762
126,validation,h1_total,mean_correlation,-0.666861520261,754
126,validation,h1_total,mean_stock_volatility,-0.548662610224,754
126,validation,h1_total,spy_volatility,-0.561307112235,754
126,development,h1_max,mean_correlation,-0.463319812015,1762
126,development,h1_max,mean_stock_volatility,-0.308991764223,1762
126,development,h1_max,spy_volatility,-0.325115283413,1762
126,validation,h1_max,mean_correlation,-0.420592079185,754
126,validation,h1_max,mean_stock_volatility,-0.274627574677,754
126,validation,h1_max,spy_volatility,-0.283508201172,754
252,development,h0_mean,mean_correlation,-0.965015142238,1762
252,development,h0_mean,mean_stock_volatility,-0.82752945035,1762
252,development,h0_mean,spy_volatility,-0.833482977207,1762
252,validation,h0_mean,mean_correlation,-0.984198509071,754
252,validation,h0_mean,mean_stock_volatility,-0.97618732651,754
252,validation,h0_mean,spy_volatility,-0.979786316116,754
252,development,h0_max,mean_correlation,-0.937719300117,1762
252,development,h0_max,mean_stock_volatility,-0.692589247737,1762
252,development,h0_max,spy_volatility,-0.732487950858,1762
252,validation,h0_max,mean_correlation,-0.928136607749,754
252,validation,h0_max,mean_stock_volatility,-0.930995122921,754
252,validation,h0_max,spy_volatility,-0.94319986378,754
252,development,h1_total,mean_correlation,-0.281280779187,1762
252,development,h1_total,mean_stock_volatility,-0.0948947427043,1762
252,development,h1_total,spy_volatility,-0.149623073231,1762
252,validation,h1_total,mean_correlation,-0.3681903057,754
252,validation,h1_total,mean_stock_volatility,-0.281690013492,754
252,validation,h1_total,spy_volatility,-0.294356153003,754
252,development,h1_max,mean_correlation,-0.237733003304,1762
252,development,h1_max,mean_stock_volatility,-0.147758413882,1762
252,development,h1_max,spy_volatility,-0.145029321291,1762
252,validation,h1_max,mean_correlation,-0.0631421420592,754
252,validation,h1_max,mean_stock_volatility,-0.00853531704563,754
252,validation,h1_max,spy_volatility,-0.0136416283114,754
