date,window,primary_window,dimension,bottleneck_distance,max_distance_change
2010-01-29,63,126,h0,0.147646605968,0.442929117143
2010-01-29,63,126,h1,0.042980670929,0.442929117143
2010-02-26,63,126,h0,0.153876543045,0.432793252849
2010-02-26,63,126,h1,0.0126830935478,0.432793252849
2010-03-31,63,126,h0,0.140596210957,0.373302100396
2010-03-31,63,126,h1,0.0349105596542,0.373302100396
2010-04-30,63,126,h0,0.0479207038879,0.267687965332
2010-04-30,63,126,h1,0.0405099391937,0.267687965332
2010-05-28,63,126,h0,0.129610717297,0.248104500206
2010-05-28,63,126,h1,0.0277340710163,0.248104500206
2010-06-30,63,126,h0,0.13648596406,0.262675566438
2010-06-30,63,126,h1,0.0351963341236,0.262675566438
2010-07-30,63,126,h0,0.188122808933,0.25417166374
2010-07-30,63,126,h1,0.0164929926395,0.25417166374
2010-08-31,63,126,h0,0.0552201867104,0.149503616789
2010-08-31,63,126,h1,0.0202686190605,0.149503616789
2010-09-30,63,126,h0,0.149206995964,0.230851887601
2010-09-30,63,126,h1,0.0207382440567,0.230851887601
2010-10-29,63,126,h0,0.210312068462,0.343613923864
2010-10-29,63,126,h1,0.0113036632538,0.343613923864
2010-11-30,63,126,h0,0.0799154043198,0.287101877939
2010-11-30,63,126,h1,0.0446395576,0.287101877939
2010-12-31,63,126,h0,0.0573855042458,0.280145714109
2010-12-31,63,126,h1,0.0121954381466,0.280145714109
2011-01-31,63,126,h0,0.0708191394806,0.19836033137
2011-01-31,63,126,h1,0.0255700349808,0.19836033137
2011-02-28,63,126,h0,0.133720457554,0.290991909073
2011-02-28,63,126,h1,0.0485588908195,0.290991909073
2011-03-31,63,126,h0,0.0915662050247,0.237219305764
2011-03-31,63,126,h1,0.0163105726242,0.237219305764
2011-04-29,63,126,h0,0.158567786217,0.261863786782
2011-04-29,63,126,h1,0.0286967754364,0.261863786782
2011-05-31,63,126,h0,0.196147203445,0.281191441709
2011-05-31,63,126,h1,0.0606172978878,0.281191441709
2011-06-30,63,126,h0,0.204734057188,0.301703767426
2011-06-30,63,126,h1,0.0265065431595,0.301703767426
2011-07-29,63,126,h0,0.132565200329,0.383093541636
2011-07-29,63,126,h1,0.0184254646301,0.383093541636
2011-08-31,63,126,h0,0.165372669697,0.371759572131
2011-08-31,63,126,h1,0.0217106938362,0.371759572131
2011-09-30,63,126,h0,0.162569224834,0.260780148273
2011-09-30,63,126,h1,0.0206935405731,0.260780148273
2011-10-31,63,126,h0,0.107348322868,0.202633091557
2011-10-31,63,126,h1,0.0123762786388,0.202633091557
2011-11-30,63,126,h0,0.103747934103,0.207917758704
2011-11-30,63,126,h1,0.0138992667198,0.207917758704
2011-12-30,63,126,h0,0.0976539254189,0.349267434436
2011-12-30,63,126,h1,0.0142140686512,0.349267434436
2012-01-31,63,126,h0,0.192950367928,0.363000515689
2012-01-31,63,126,h1,0.0183778107166,0.363000515689
2012-02-29,63,126,h0,0.190277636051,0.412409997819
2012-02-29,63,126,h1,0.0369330644608,0.412409997819
2012-03-30,63,126,h0,0.322578787804,0.529835038631
2012-03-30,63,126,h1,0.0171324014664,0.529835038631
2012-04-30,63,126,h0,0.195011079311,0.368440043826
2012-04-30,63,126,h1,0.0348377227783,0.368440043826
2012-05-31,63,126,h0,0.0824112296104,0.206028646699
2012-05-31,63,126,h1,0.0299188792706,0.206028646699
2012-06-29,63,126,h0,0.171320438385,0.269695276698
2012-06-29,63,126,h1,0.0222929120064,0.269695276698
2012-07-31,63,126,h0,0.134207487106,0.196411920852
2012-07-31,63,126,h1,0.0231224298477,0.196411920852
2012-08-31,63,126,h0,0.137674748898,0.196434176678
2012-08-31,63,126,h1,0.0334996581078,0.196434176678
2012-09-28,63,126,h0,0.113515019417,0.252580525018
2012-09-28,63,126,h1,0.00468963384628,0.252580525018
2012-10-31,63,126,h0,0.0551221370697,0.306828039731
2012-10-31,63,126,h1,0.0478684306145,0.306828039731
2012-11-30,63,126,h0,0.0933260917664,0.213485289421
2012-11-30,63,126,h1,0.0169442892075,0.213485289421
2012-12-31,63,126,h0,0.108199119568,0.37507275897
2012-12-31,63,126,h1,0.0381065607071,0.37507275897
2013-01-31,63,126,h0,0.0823704004288,0.240319546259
2013-01-31,63,126,h1,0.0197253227234,0.240319546259
2013-02-28,63,126,h0,0.0819326639175,0.256662167238
2013-02-28,63,126,h1,0.0166975855827,0.256662167238
2013-03-28,63,126,h0,0.0632268190384,0.233140221884
2013-03-28,63,126,h1,0.0222735404968,0.233140221884
2013-04-30,63,126,h0,0.0711076259613,0.293519341124
2013-04-30,63,126,h1,0.0289922952652,0.293519341124
2013-05-31,63,126,h0,0.0642989873886,0.199411098682
2013-05-31,63,126,h1,0.0245544314384,0.199411098682
2013-06-28,63,126,h0,0.14446914196,0.252673984185
2013-06-28,63,126,h1,0.0140155553818,0.252673984185
2013-07-31,63,126,h0,0.15314912796,0.283705442653
2013-07-31,63,126,h1,0.0216653943062,0.283705442653
2013-08-30,63,126,h0,0.128683388233,0.263419192792
2013-08-30,63,126,h1,0.0366536676884,0.263419192792
2013-09-30,63,126,h0,0.13147431612,0.254959493264
2013-09-30,63,126,h1,0.0297319889069,0.254959493264
2013-10-31,63,126,h0,0.112858951092,0.256726861312
2013-10-31,63,126,h1,0.0302123427391,0.256726861312
2013-11-29,63,126,h0,0.101771593094,0.302260999696
2013-11-29,63,126,h1,0.0230507850647,0.302260999696
2013-12-31,63,126,h0,0.16173350811,0.353962165097
2013-12-31,63,126,h1,0.026719391346,0.353962165097
2014-01-31,63,126,h0,0.0776759386063,0.227892664052
2014-01-31,63,126,h1,0.0305042862892,0.227892664052
2014-02-28,63,126,h0,0.0715389847755,0.184869523269
2014-02-28,63,126,h1,0.0218894183636,0.184869523269
2014-03-31,63,126,h0,0.0749345421791,0.191857368271
2014-03-31,63,126,h1,0.0374516248703,0.191857368271
2014-04-30,63,126,h0,0.0720261335373,0.218778911667
2014-04-30,63,126,h1,0.0240207910538,0.218778911667
2014-05-30,63,126,h0,0.065049290657,0.271944224898
2014-05-30,63,126,h1,0.0328004360199,0.271944224898
2014-06-30,63,126,h0,0.0740426778793,0.2519269896
2014-06-30,63,126,h1,0.0352362990379,0.2519269896
2014-07-31,63,126,h0,0.107464671135,0.240647457059
2014-07-31,63,126,h1,0.0427252650261,0.240647457059
2014-08-29,63,126,h0,0.0949887633324,0.231617988218
2014-08-29,63,126,h1,0.0365977883339,0.231617988218
2014-09-30,63,126,h0,0.126839756966,0.356364818287
2014-09-30,63,126,h1,0.025953233242,0.356364818287
2014-10-31,63,126,h0,0.14831840992,0.208057227342
2014-10-31,63,126,h1,0.0408219099045,0.208057227342
2014-11-28,63,126,h0,0.201673924923,0.201673918896
2014-11-28,63,126,h1,0.0281054675579,0.201673918896
2014-12-31,63,126,h0,0.108971178532,0.29008715654
2014-12-31,63,126,h1,0.0527294278145,0.29008715654
2015-01-30,63,126,h0,0.0718318223953,0.252681691466
2015-01-30,63,126,h1,0.0120111107826,0.252681691466
2015-02-27,63,126,h0,0.173877537251,0.218255933383
2015-02-27,63,126,h1,0.0483697652817,0.218255933383
2015-03-31,63,126,h0,0.0680231451988,0.251703442488
2015-03-31,63,126,h1,0.0266934633255,0.251703442488
2015-04-30,63,126,h0,0.0889615416527,0.243075061288
2015-04-30,63,126,h1,0.0164830982685,0.243075061288
2015-05-29,63,126,h0,0.166064858437,0.296843054273
2015-05-29,63,126,h1,0.0210669338703,0.296843054273
2015-06-30,63,126,h0,0.108585357666,0.283659898503
2015-06-30,63,126,h1,0.0268325805664,0.283659898503
2015-07-31,63,126,h0,0.155161559582,0.269922076676
2015-07-31,63,126,h1,0.0218471586704,0.269922076676
2015-08-31,63,126,h0,0.167559027672,0.324125306899
2015-08-31,63,126,h1,0.0133609175682,0.324125306899
2015-09-30,63,126,h0,0.155036568642,0.343963141128
2015-09-30,63,126,h1,0.0239717364311,0.343963141128
2015-10-30,63,126,h0,0.10419601202,0.230236123212
2015-10-30,63,126,h1,0.0154246985912,0.230236123212
2015-11-30,63,126,h0,0.0793710947037,0.20103988968
2015-11-30,63,126,h1,0.032601326704,0.20103988968
2015-12-31,63,126,h0,0.184804141521,0.31562002156
2015-12-31,63,126,h1,0.0284253954887,0.31562002156
2016-01-29,63,126,h0,0.104044497013,0.205057919625
2016-01-29,63,126,h1,0.0152526497841,0.205057919625
2016-02-29,63,126,h0,0.10682618618,0.236993747835
2016-02-29,63,126,h1,0.0147380530834,0.236993747835
2016-03-31,63,126,h0,0.0992803573608,0.277800874686
2016-03-31,63,126,h1,0.0148637890816,0.277800874686
2016-04-29,63,126,h0,0.139730572701,0.290872510425
2016-04-29,63,126,h1,0.0650649368763,0.290872510425
2016-05-31,63,126,h0,0.20815294981,0.406796912283
2016-05-31,63,126,h1,0.0303321480751,0.406796912283
2016-06-30,63,126,h0,0.103732049465,0.298073453259
2016-06-30,63,126,h1,0.031484246254,0.298073453259
2016-07-29,63,126,h0,0.121360898018,0.379440902348
2016-07-29,63,126,h1,0.0359902977943,0.379440902348
2016-08-31,63,126,h0,0.167250156403,0.457186249913
2016-08-31,63,126,h1,0.0562662482262,0.457186249913
2016-09-30,63,126,h0,0.10058838129,0.277864999691
2016-09-30,63,126,h1,0.0258943736553,0.277864999691
2016-10-31,63,126,h0,0.134462594986,0.253151168731
2016-10-31,63,126,h1,0.0330587625504,0.253151168731
2016-11-30,63,126,h0,0.112861812115,0.296042025736
2016-11-30,63,126,h1,0.0396755933762,0.296042025736
2016-12-30,63,126,h0,0.0733739733696,0.313446157673
2016-12-30,63,126,h1,0.0468021631241,0.313446157673
2017-01-31,63,126,h0,0.0639238357544,0.23600941503
2017-01-31,63,126,h1,0.0453673601151,0.23600941503
2017-02-28,63,126,h0,0.100906014442,0.350321740774
2017-02-28,63,126,h1,0.0214775800705,0.350321740774
2017-03-31,63,126,h0,0.156108021736,0.363513392234
2017-03-31,63,126,h1,0.0312812328339,0.363513392234
2017-04-28,63,126,h0,0.0984301567078,0.386300073049
2017-04-28,63,126,h1,0.0272563695908,0.386300073049
2017-05-31,63,126,h0,0.0694143772125,0.283227155987
2017-05-31,63,126,h1,0.0437843799591,0.283227155987
2017-06-30,63,126,h0,0.211896896362,0.272215691877
2017-06-30,63,126,h1,0.0393304228783,0.272215691877
2017-07-31,63,126,h0,0.173870384693,0.327383199006
2017-07-31,63,126,h1,0.0429099798203,0.327383199006
2017-08-31,63,126,h0,0.127808332443,0.218577855783
2017-08-31,63,126,h1,0.0464890003204,0.218577855783
2017-09-29,63,126,h0,0.119724154472,0.217566681508
2017-09-29,63,126,h1,0.0610781908035,0.217566681508
2017-10-31,63,126,h0,0.0940133333206,0.25989304222
2017-10-31,63,126,h1,0.0363708138466,0.25989304222
2017-11-30,63,126,h0,0.102198004723,0.249708602195
2017-11-30,63,126,h1,0.0653421878815,0.249708602195
2017-12-29,63,126,h0,0.0589954853058,0.182692692287
2017-12-29,63,126,h1,0.036977648735,0.182692692287
2018-01-31,63,126,h0,0.102299630642,0.254733113914
2018-01-31,63,126,h1,0.0401239991188,0.254733113914
2018-02-28,63,126,h0,0.174918234348,0.289363010553
2018-02-28,63,126,h1,0.022227793932,0.289363010553
2018-03-29,63,126,h0,0.182560741901,0.355498524541
2018-03-29,63,126,h1,0.0351991951466,0.355498524541
2018-04-30,63,126,h0,0.186703503132,0.411208534213
2018-04-30,63,126,h1,0.0133262872696,0.411208534213
2018-05-31,63,126,h0,0.109244942665,0.236402294631
2018-05-31,63,126,h1,0.0339974164963,0.236402294631
2018-06-29,63,126,h0,0.165283739567,0.386802556302
2018-06-29,63,126,h1,0.0290455520153,0.386802556302
2018-07-31,63,126,h0,0.195302307606,0.46164368232
2018-07-31,63,126,h1,0.0299398899078,0.46164368232
2018-08-31,63,126,h0,0.122173666954,0.37108362451
2018-08-31,63,126,h1,0.0341995358467,0.37108362451
2018-09-28,63,126,h0,0.0776377916336,0.297312193823
2018-09-28,63,126,h1,0.0451946258545,0.297312193823
2018-10-31,63,126,h0,0.16408598423,0.318315984418
2018-10-31,63,126,h1,0.022890329361,0.318315984418
2018-11-30,63,126,h0,0.120847165585,0.220036847188
2018-11-30,63,126,h1,0.0463068187237,0.220036847188
2018-12-31,63,126,h0,0.141552686691,0.254380481331
2018-12-31,63,126,h1,0.0348861515522,0.254380481331
2019-01-31,63,126,h0,0.143378674984,0.249472760192
2019-01-31,63,126,h1,0.0260581076145,0.249472760192
2019-02-28,63,126,h0,0.144720315933,0.425733995449
2019-02-28,63,126,h1,0.0280304551125,0.425733995449
2019-03-29,63,126,h0,0.183556735516,0.350075492082
2019-03-29,63,126,h1,0.0250744223595,0.350075492082
2019-04-30,63,126,h0,0.212556898594,0.421656774043
2019-04-30,63,126,h1,0.0570532083511,0.421656774043
2019-05-31,63,126,h0,0.155446648598,0.40986717125
2019-05-31,63,126,h1,0.0355654358864,0.40986717125
2019-06-28,63,126,h0,0.126562595367,0.269198048049
2019-06-28,63,126,h1,0.0290528535843,0.269198048049
2019-07-31,63,126,h0,0.118431806564,0.232892686232
2019-07-31,63,126,h1,0.0451592803001,0.232892686232
2019-08-30,63,126,h0,0.192511975765,0.266433158113
2019-08-30,63,126,h1,0.0295605063438,0.266433158113
2019-09-30,63,126,h0,0.155786156654,0.304277393287
2019-09-30,63,126,h1,0.0368397831917,0.304277393287
2019-10-31,63,126,h0,0.15718460083,0.316487290127
2019-10-31,63,126,h1,0.0169381201267,0.316487290127
2019-11-29,63,126,h0,0.0908523201942,0.256907207849
2019-11-29,63,126,h1,0.0498437285423,0.256907207849
2019-12-31,63,126,h0,0.114766955376,0.23655826334
2019-12-31,63,126,h1,0.0433328151703,0.23655826334
2010-01-29,252,126,h0,0.137746930122,0.249242309416
2010-01-29,252,126,h1,0.0316187739372,0.249242309416
2010-02-26,252,126,h0,0.127739727497,0.225349880429
2010-02-26,252,126,h1,0.0282947421074,0.225349880429
2010-03-31,252,126,h0,0.119621276855,0.262119158747
2010-03-31,252,126,h1,0.0328766107559,0.262119158747
2010-04-30,252,126,h0,0.0777750611305,0.241535316762
2010-04-30,252,126,h1,0.022876739502,0.241535316762
2010-05-28,252,126,h0,0.136292755604,0.283264193121
2010-05-28,252,126,h1,0.0049889087677,0.283264193121
2010-06-30,252,126,h0,0.138084292412,0.24765855476
2010-06-30,252,126,h1,0.0215662121773,0.24765855476
2010-07-30,252,126,h0,0.123942136765,0.250988142935
2010-07-30,252,126,h1,0.0164929926395,0.250988142935
2010-08-31,252,126,h0,0.118177473545,0.215008981348
2010-08-31,252,126,h1,0.0265899896622,0.215008981348
2010-09-30,252,126,h0,0.142713546753,0.228789776853
2010-09-30,252,126,h1,0.0259617567062,0.228789776853
2010-10-29,252,126,h0,0.116635143757,0.237211375546
2010-10-29,252,126,h1,0.0243919193745,0.237211375546
2010-11-30,252,126,h0,0.066044986248,0.156933396944
2010-11-30,252,126,h1,0.0240706801414,0.156933396944
2010-12-31,252,126,h0,0.0732820034027,0.19680807034
2010-12-31,252,126,h1,0.0177647471428,0.19680807034
2011-01-31,252,126,h0,0.103389382362,0.254204750321
2011-01-31,252,126,h1,0.0266754329205,0.254204750321
2011-02-28,252,126,h0,0.122801661491,0.265651889562
2011-02-28,252,126,h1,0.0243451595306,0.265651889562
2011-03-31,252,126,h0,0.127072155476,0.309840353351
2011-03-31,252,126,h1,0.0198319554329,0.309840353351
2011-04-29,252,126,h0,0.146618723869,0.316597072484
2011-04-29,252,126,h1,0.0286967754364,0.316597072484
2011-05-31,252,126,h0,0.116697669029,0.269546690818
2011-05-31,252,126,h1,0.0349476337433,0.269546690818
2011-06-30,252,126,h0,0.109207808971,0.204016295004
2011-06-30,252,126,h1,0.0272535085678,0.204016295004
2011-07-29,252,126,h0,0.153349816799,0.203610316668
2011-07-29,252,126,h1,0.0159243345261,0.203610316668
2011-08-31,252,126,h0,0.174488425255,0.260177104393
2011-08-31,252,126,h1,0.014608412981,0.260177104393
2011-09-30,252,126,h0,0.190749883652,0.253289873601
2011-09-30,252,126,h1,0.0206935405731,0.253289873601
2011-10-31,252,126,h0,0.188773810863,0.279837847779
2011-10-31,252,126,h1,0.0311647951603,0.279837847779
2011-11-30,252,126,h0,0.213553249836,0.290898284647
2011-11-30,252,126,h1,0.0233951210976,0.290898284647
2011-12-30,252,126,h0,0.190608978271,0.302618211835
2011-12-30,252,126,h1,0.0150899291039,0.302618211835
2012-01-31,252,126,h0,0.152823805809,0.271409221769
2012-01-31,252,126,h1,0.021542429924,0.271409221769
2012-02-29,252,126,h0,0.0682975649834,0.178320910945
2012-02-29,252,126,h1,0.0181914269924,0.178320910945
2012-03-30,252,126,h0,0.132525444031,0.262930435801
2012-03-30,252,126,h1,0.0149018466473,0.262930435801
2012-04-30,252,126,h0,0.220393717289,0.31729762166
2012-04-30,252,126,h1,0.0156016945839,0.31729762166
2012-05-31,252,126,h0,0.234710097313,0.401938993854
2012-05-31,252,126,h1,0.0222145915031,0.401938993854
2012-06-29,252,126,h0,0.254823625088,0.48019031292
2012-06-29,252,126,h1,0.0141198337078,0.48019031292
2012-07-31,252,126,h0,0.210331857204,0.403821057751
2012-07-31,252,126,h1,0.0207754969597,0.403821057751
2012-08-31,252,126,h0,0.116644144058,0.281576428581
2012-08-31,252,126,h1,0.0119166076183,0.281576428581
2012-09-28,252,126,h0,0.0814395546913,0.233171328604
2012-09-28,252,126,h1,0.0118258297443,0.233171328604
2012-10-31,252,126,h0,0.0553995370865,0.222493714681
2012-10-31,252,126,h1,0.0194644629955,0.222493714681
2012-11-30,252,126,h0,0.108221113682,0.216568903948
2012-11-30,252,126,h1,0.0172143578529,0.216568903948
2012-12-31,252,126,h0,0.123497605324,0.174443641598
2012-12-31,252,126,h1,0.0127448439598,0.174443641598
2013-01-31,252,126,h0,0.116607189178,0.214443366192
2013-01-31,252,126,h1,0.0197253227234,0.214443366192
2013-02-28,252,126,h0,0.0591902136803,0.21455448308
2013-02-28,252,126,h1,0.00856482982635,0.21455448308
2013-03-28,252,126,h0,0.0412257909775,0.17360821837
2013-03-28,252,126,h1,0.0259560346603,0.17360821837
2013-04-30,252,126,h0,0.0409587025642,0.187090996826
2013-04-30,252,126,h1,0.0185599327087,0.187090996826
2013-05-31,252,126,h0,0.0989964008331,0.198901033528
2013-05-31,252,126,h1,0.0191690921783,0.198901033528
2013-06-28,252,126,h0,0.0609250068665,0.292309317548
2013-06-28,252,126,h1,0.0140155553818,0.292309317548
2013-07-31,252,126,h0,0.0388895273209,0.142810982726
2013-07-31,252,126,h1,0.0186284780502,0.142810982726
2013-08-30,252,126,h0,0.0758813619614,0.175367465965
2013-08-30,252,126,h1,0.0277569293976,0.175367465965
2013-09-30,252,126,h0,0.101594924927,0.179207993404
2013-09-30,252,126,h1,0.0297319889069,0.179207993404
2013-10-31,252,126,h0,0.126060843468,0.210674821654
2013-10-31,252,126,h1,0.0276806354523,0.210674821654
2013-11-29,252,126,h0,0.0963889360428,0.186929287439
2013-11-29,252,126,h1,0.0249044895172,0.186929287439
2013-12-31,252,126,h0,0.0941939353943,0.190955311932
2013-12-31,252,126,h1,0.0111415982246,0.190955311932
2014-01-31,252,126,h0,0.0739803314209,0.208997116647
2014-01-31,252,126,h1,0.0203399062157,0.208997116647
2014-02-28,252,126,h0,0.0834699869156,0.222518892908
2014-02-28,252,126,h1,0.0272429585457,0.222518892908
2014-03-31,252,126,h0,0.0827385783195,0.172827410223
2014-03-31,252,126,h1,0.0216457843781,0.172827410223
2014-04-30,252,126,h0,0.0671538114548,0.186534136114
2014-04-30,252,126,h1,0.019168138504,0.186534136114
2014-05-30,252,126,h0,0.0612066984177,0.189461427348
2014-05-30,252,126,h1,0.0245168209076,0.189461427348
2014-06-30,252,126,h0,0.0906239748001,0.165437793571
2014-06-30,252,126,h1,0.032391667366,0.165437793571
2014-07-31,252,126,h0,0.0840223431587,0.200878409424
2014-07-31,252,126,h1,0.0157840251923,0.200878409424
2014-08-29,252,126,h0,0.11009311676,0.186775565534
2014-08-29,252,126,h1,0.0134468078613,0.186775565534
2014-09-30,252,126,h0,0.0820024609566,0.168911862576
2014-09-30,252,126,h1,0.0182818770409,0.168911862576
2014-10-31,252,126,h0,0.113005101681,0.242254542061
2014-10-31,252,126,h1,0.0266290903091,0.242254542061
2014-11-28,252,126,h0,0.147961199284,0.260094378403
2014-11-28,252,126,h1,0.0240303277969,0.260094378403
2014-12-31,252,126,h0,0.170262217522,0.254974655087
2014-12-31,252,126,h1,0.0252065658569,0.254974655087
2015-01-30,252,126,h0,0.13576823473,0.206676743371
2015-01-30,252,126,h1,0.0140467882156,0.206676743371
2015-02-27,252,126,h0,0.121127456427,0.174253680197
2015-02-27,252,126,h1,0.0146144032478,0.174253680197
2015-03-31,252,126,h0,0.123891353607,0.18928855098
2015-03-31,252,126,h1,0.0182922482491,0.18928855098
2015-04-30,252,126,h0,0.0791246294975,0.17361702325
2015-04-30,252,126,h1,0.0306162834167,0.17361702325
2015-05-29,252,126,h0,0.130383372307,0.193170022125
2015-05-29,252,126,h1,0.0246679782867,0.193170022125
2015-06-30,252,126,h0,0.126827478409,0.199362373997
2015-06-30,252,126,h1,0.0210976600647,0.199362373997
2015-07-31,252,126,h0,0.104141294956,0.174485158372
2015-07-31,252,126,h1,0.0168156325817,0.174485158372
2015-08-31,252,126,h0,0.151275992393,0.214275493778
2015-08-31,252,126,h1,0.0170252025127,0.214275493778
2015-09-30,252,126,h0,0.121083676815,0.23822706371
2015-09-30,252,126,h1,0.0239717364311,0.23822706371
2015-10-30,252,126,h0,0.139332413673,0.24792631859
2015-10-30,252,126,h1,0.0154246985912,0.24792631859
2015-11-30,252,126,h0,0.159756600857,0.191788053548
2015-11-30,252,126,h1,0.0220937728882,0.191788053548
2015-12-31,252,126,h0,0.13337045908,0.206081162154
2015-12-31,252,126,h1,0.0127077996731,0.206081162154
2016-01-29,252,126,h0,0.127861380577,0.198013819428
2016-01-29,252,126,h1,0.0152526497841,0.198013819428
2016-02-29,252,126,h0,0.0842890143394,0.134568858027
2016-02-29,252,126,h1,0.0258309841156,0.134568858027
2016-03-31,252,126,h0,0.120390295982,0.170336599247
2016-03-31,252,126,h1,0.0229761600494,0.170336599247
2016-04-29,252,126,h0,0.066586971283,0.209226405582
2016-04-29,252,126,h1,0.0166147649288,0.209226405582
2016-05-31,252,126,h0,0.0687782764435,0.217559682069
2016-05-31,252,126,h1,0.0198715925217,0.217559682069
2016-06-30,252,126,h0,0.0918359160423,0.231932893224
2016-06-30,252,126,h1,0.0261011719704,0.231932893224
2016-07-29,252,126,h0,0.174883425236,0.3168645155
2016-07-29,252,126,h1,0.0359902977943,0.3168645155
2016-08-31,252,126,h0,0.141783833504,0.325678991441
2016-08-31,252,126,h1,0.0302940607071,0.325678991441
2016-09-30,252,126,h0,0.101211130619,0.259186662878
2016-09-30,252,126,h1,0.0208768248558,0.259186662878
2016-10-31,252,126,h0,0.113725066185,0.229160622505
2016-10-31,252,126,h1,0.0190329253674,0.229160622505
2016-11-30,252,126,h0,0.0977069139481,0.234508014985
2016-11-30,252,126,h1,0.0297609567642,0.234508014985
2016-12-30,252,126,h0,0.103804111481,0.305276222804
2016-12-30,252,126,h1,0.0246137976646,0.305276222804
2017-01-31,252,126,h0,0.0490031242371,0.267903909379
2017-01-31,252,126,h1,0.0203987956047,0.267903909379
2017-02-28,252,126,h0,0.0370930433273,0.238065979236
2017-02-28,252,126,h1,0.0214775800705,0.238065979236
2017-03-31,252,126,h0,0.130102097988,0.23181682504
2017-03-31,252,126,h1,0.0286396145821,0.23181682504
2017-04-28,252,126,h0,0.119642853737,0.237644915016
2017-04-28,252,126,h1,0.0272563695908,0.237644915016
2017-05-31,252,126,h0,0.0901348590851,0.248928671732
2017-05-31,252,126,h1,0.0308089256287,0.248928671732
2017-06-30,252,126,h0,0.0831916332245,0.236049921157
2017-06-30,252,126,h1,0.0226453542709,0.236049921157
2017-07-31,252,126,h0,0.0706660747528,0.237466553327
2017-07-31,252,126,h1,0.0189549922943,0.237466553327
2017-08-31,252,126,h0,0.0989907383919,0.194691488142
2017-08-31,252,126,h1,0.0191793441772,0.194691488142
2017-09-29,252,126,h0,0.164236783981,0.254999823792
2017-09-29,252,126,h1,0.0277446508408,0.254999823792
2017-10-31,252,126,h0,0.0952281355858,0.179345257715
2017-10-31,252,126,h1,0.0274093151093,0.179345257715
2017-11-30,252,126,h0,0.106726169586,0.134436360823
2017-11-30,252,126,h1,0.0152812600136,0.134436360823
2017-12-29,252,126,h0,0.0932312011719,0.136640310797
2017-12-29,252,126,h1,0.0303591489792,0.136640310797
2018-01-31,252,126,h0,0.100313425064,0.142792044551
2018-01-31,252,126,h1,0.0189732313156,0.142792044551
2018-02-28,252,126,h0,0.0977219939232,0.185947439327
2018-02-28,252,126,h1,0.0173063278198,0.185947439327
2018-03-29,252,126,h0,0.116688907146,0.213300328814
2018-03-29,252,126,h1,0.00589770078659,0.213300328814
2018-04-30,252,126,h0,0.145984590054,0.223101107319
2018-04-30,252,126,h1,0.0192021131516,0.223101107319
2018-05-31,252,126,h0,0.136053144932,0.223095404652
2018-05-31,252,126,h1,0.0241521000862,0.223095404652
2018-06-29,252,126,h0,0.170808076859,0.242556235933
2018-06-29,252,126,h1,0.00705021619797,0.242556235933
2018-07-31,252,126,h0,0.180595517159,0.235228638862
2018-07-31,252,126,h1,0.0141876637936,0.235228638862
2018-08-31,252,126,h0,0.100633084774,0.154389069028
2018-08-31,252,126,h1,0.022455573082,0.154389069028
2018-09-28,252,126,h0,0.11187016964,0.277943164165
2018-09-28,252,126,h1,0.0258209705353,0.277943164165
2018-10-31,252,126,h0,0.101385474205,0.273494174083
2018-10-31,252,126,h1,0.0324729084969,0.273494174083
2018-11-30,252,126,h0,0.0628547072411,0.227526880225
2018-11-30,252,126,h1,0.0412343740463,0.227526880225
2018-12-31,252,126,h0,0.0778500437737,0.149423508121
2018-12-31,252,126,h1,0.0381013154984,0.149423508121
2019-01-31,252,126,h0,0.0935708582401,0.173779374634
2019-01-31,252,126,h1,0.0252385735512,0.173779374634
2019-02-28,252,126,h0,0.0949784517288,0.201486150825
2019-02-28,252,126,h1,0.0242789983749,0.201486150825
2019-03-29,252,126,h0,0.120775341988,0.183384490456
2019-03-29,252,126,h1,0.0250744223595,0.183384490456
2019-04-30,252,126,h0,0.111509680748,0.223209796189
2019-04-30,252,126,h1,0.0440744161606,0.223209796189
2019-05-31,252,126,h0,0.113003373146,0.363162539647
2019-05-31,252,126,h1,0.0307842493057,0.363162539647
2019-06-28,252,126,h0,0.121616482735,0.210881767069
2019-06-28,252,126,h1,0.0192983746529,0.210881767069
2019-07-31,252,126,h0,0.165363132954,0.249283463207
2019-07-31,252,126,h1,0.0451592803001,0.249283463207
2019-08-30,252,126,h0,0.131138205528,0.19943570105
2019-08-30,252,126,h1,0.0386539697647,0.19943570105
2019-09-30,252,126,h0,0.187711715698,0.225171826663
2019-09-30,252,126,h1,0.0415967106819,0.225171826663
2019-10-31,252,126,h0,0.120999932289,0.177382439372
2019-10-31,252,126,h1,0.0169381201267,0.177382439372
2019-11-29,252,126,h0,0.0948747396469,0.242515847329
2019-11-29,252,126,h1,0.0145375728607,0.242515847329
2019-12-31,252,126,h0,0.121407449245,0.189619746489
2019-12-31,252,126,h1,0.0315349698067,0.189619746489
