window,primary_window,phase,feature,n,spearman
63,126,development,h0_mean,1762,0.784673379912
63,126,development,h0_max,1762,0.79164797247
63,126,development,h1_total,1762,0.395999216144
63,126,development,h1_max,1762,0.248659644265
63,126,validation,h0_mean,754,0.712598724151
63,126,validation,h0_max,754,0.651510241291
63,126,validation,h1_total,754,0.534825499515
63,126,validation,h1_max,754,0.293014385951
252,126,development,h0_mean,1762,0.722836353551
252,126,development,h0_max,1762,0.699624495969
252,126,development,h1_total,1762,0.285179100027
252,126,development,h1_max,1762,0.0816583210982
252,126,validation,h0_mean,754,0.764491814043
252,126,validation,h0_max,754,0.630345874569
252,126,validation,h1_total,754,0.476905698828
252,126,validation,h1_max,754,0.297400315697
