ticker,rows,first_date,last_date,missing,nonpositive_volume,max_unchanged_run,moves_above_40pct,min_20d_dollar_volume_proxy,dividend_events,split_events
AAPL,2768,2009-01-02,2019-12-31,0,0,1,0,2059674149.3072128,30,1
MSFT,2768,2009-01-02,2019-12-31,0,0,1,0,858179934.2886448,44,0
IBM,2768,2009-01-02,2019-12-31,0,0,1,0,393866165.88486636,44,0
ORCL,2768,2009-01-02,2019-12-31,0,0,2,0,381913188.42697144,42,0
JPM,2768,2009-01-02,2019-12-31,0,0,1,0,581892393.2303427,44,0
BAC,2768,2009-01-02,2019-12-31,0,0,2,0,748685747.7322197,44,0
WFC,2768,2009-01-02,2019-12-31,0,0,1,0,480069214.3036461,46,0
GS,2768,2009-01-02,2019-12-31,0,0,1,0,314640253.73680115,44,0
XOM,2768,2009-01-02,2019-12-31,0,0,1,0,615540447.2789001,44,0
CVX,2768,2009-01-02,2019-12-31,0,0,1,0,476855807.5299072,44,0
COP,2768,2009-01-02,2019-12-31,0,0,1,0,244508753.58795166,44,1
SLB,2768,2009-01-02,2019-12-31,0,0,1,0,344146618.1576538,44,0
JNJ,2768,2009-01-02,2019-12-31,0,0,2,0,527545234.60876465,44,0
PFE,2768,2009-01-02,2019-12-31,0,0,2,0,464588935.87361753,44,0
MRK,2768,2009-01-02,2019-12-31,0,0,1,0,365439388.2087057,44,0
UNH,2768,2009-01-02,2019-12-31,0,0,1,0,210990568.39179993,41,0
WMT,2768,2009-01-02,2019-12-31,0,0,1,0,364067036.49430275,44,0
COST,2768,2009-01-02,2019-12-31,0,0,1,0,115635949.81086731,47,0
TGT,2768,2009-01-02,2019-12-31,0,0,1,0,211643407.8760147,44,0
HD,2768,2009-01-02,2019-12-31,0,0,2,0,313290415.04981995,44,0
KO,2768,2009-01-02,2019-12-31,0,0,2,0,369311898.8764572,44,1
PEP,2768,2009-01-02,2019-12-31,0,0,1,0,301792336.75930023,44,0
MCD,2768,2009-01-02,2019-12-31,0,0,1,0,324605350.42835236,44,0
SBUX,2768,2009-01-02,2019-12-31,0,0,1,0,108888683.27976704,39,1
SPY,2768,2009-01-02,2019-12-31,0,0,1,0,12734040128.145065,44,0
