date,mean_correlation,edges,isolated_assets,diffusion_residual_norm
2020-06-26,0.360268960684,138,0,2.49594431796
2020-06-29,0.361140552707,141,0,2.37153289757
2020-06-30,0.366726567865,142,0,2.65121212876
2020-07-01,0.363260081946,139,0,2.46007666494
2020-07-02,0.361927380738,140,0,2.17285239225
2020-07-03,0.353594725373,138,0,2.49004815645
2020-07-06,0.350851166548,138,0,2.24531399296
2020-07-07,0.350054438985,139,0,2.73779076127
2020-07-08,0.351091074735,141,0,2.60810480345
2020-07-09,0.358475646505,141,0,2.62617199435
2020-07-10,0.35988632105,139,0,2.53891134113
2020-07-13,0.358529750337,139,0,2.49139433194
2020-07-14,0.359209809969,139,0,2.05771963972
2020-07-15,0.366923510321,143,0,1.84888225197
2020-07-16,0.379878956478,148,0,2.23903535982
2020-07-17,0.378679513823,146,0,2.56382256889
2020-07-20,0.379222973855,144,0,2.51456989821
2020-07-21,0.384807632406,146,0,2.38310161664
2020-07-22,0.382223151123,143,0,2.18194403796
2020-07-23,0.382528422748,142,0,2.24529925366
2020-07-24,0.382312571459,142,0,2.14066201342
2020-07-27,0.381898348656,141,0,2.48367540777
2020-07-28,0.381044055623,141,0,2.66524755726
2020-07-29,0.383413507109,141,0,2.41235912949
2020-07-30,0.383730122728,141,0,2.46622468451
2020-07-31,0.384877760229,141,0,2.22797641057
2020-08-03,0.387224045621,144,0,1.98499023822
2020-08-04,0.388460228437,144,0,2.26525032096
2020-08-05,0.390263865333,144,0,2.51562557614
2020-08-06,0.390233690892,143,0,2.81639118725
2020-08-07,0.393895629531,147,0,2.32582573484
2020-08-10,0.380554844665,144,0,2.20798044165
2020-08-11,0.381209617399,142,0,2.02824687704
2020-08-12,0.379956819992,141,0,2.17759518838
2020-08-13,0.381657052945,142,0,2.06572869306
2020-08-14,0.381020689744,142,0,2.14554694332
2020-08-17,0.379544104229,144,0,2.48119165591
2020-08-18,0.388901824512,143,0,2.51769243522
2020-08-19,0.38728999482,144,0,2.40323779423
2020-08-20,0.387322579426,139,0,1.85117761085
2020-08-21,0.387901784226,143,0,1.7668363834
2020-08-24,0.389840399366,144,0,1.59253928991
2020-08-25,0.388875790618,145,0,1.80439122889
2020-08-26,0.38741551206,144,0,1.88085812146
2020-08-27,0.387787985141,145,0,1.71221577611
2020-08-28,0.387690150144,144,0,2.16607615656
2020-08-31,0.387989060447,145,0,2.55304738792
2020-09-01,0.38486271193,145,0,2.74704584871
2020-09-02,0.386449830548,145,0,2.31599431698
2020-09-03,0.386717801,142,0,2.28544348712
2020-09-04,0.386372153527,142,0,1.9136531849
2020-09-07,0.389555380888,144,0,1.69186719035
2020-09-08,0.38844959696,145,0,1.74552132882
2020-09-09,0.383197682265,144,0,2.46797572463
2020-09-10,0.383383558279,146,0,2.42264416009
2020-09-11,0.387930919596,143,0,2.32414536665
2020-09-14,0.384746283711,143,0,2.39200572678
2020-09-15,0.385961889874,142,0,2.0900586534
2020-09-16,0.381582370095,143,0,2.18498768328
2020-09-17,0.380271061127,143,0,1.85243179411
2020-09-18,0.384813336505,142,0,1.71893886156
2020-09-21,0.378823182531,142,0,1.56319210303
2020-09-22,0.379867932969,144,0,1.73895783419
2020-09-23,0.386316464149,143,0,1.75929505021
2020-09-24,0.38998260888,143,0,1.68777883806
2020-09-25,0.393689287716,145,0,2.27726415335
2020-09-28,0.390320520362,144,0,1.94044477044
2020-09-29,0.39105798374,144,0,2.33619187227
2020-09-30,0.393948422751,142,0,2.1934134938
2020-10-01,0.394714968947,141,0,2.14598624771
2020-10-02,0.395148782882,142,0,2.27461614129
2020-10-05,0.393609695351,143,0,2.24226261927
2020-10-06,0.392230905889,142,0,2.23014018887
2020-10-07,0.390671145951,142,0,2.20701422066
2020-10-08,0.390535960915,143,0,2.26341318205
2020-10-09,0.391457935559,143,0,1.95643343734
2020-10-12,0.397189465615,144,0,1.99879725184
2020-10-13,0.395754520417,141,0,2.10761693484
2020-10-14,0.395252742633,142,0,1.84639811013
2020-10-15,0.403969261839,143,0,2.55187105533
2020-10-16,0.403392962501,142,0,2.38561715496
2020-10-19,0.402601514159,144,0,2.3015367474
2020-10-20,0.404196030725,143,0,2.43007314491
2020-10-21,0.405316512611,142,0,2.49012765424
2020-10-22,0.404626934222,143,0,2.79280648975
2020-10-23,0.406232207617,142,0,2.30595071375
2020-10-26,0.410888250623,142,0,2.08632517516
2020-10-27,0.409954524445,140,0,1.95758354201
2020-10-28,0.410523852961,142,0,1.89791463481
2020-10-29,0.409549927993,141,0,1.99413861434
2020-10-30,0.413770883466,140,0,2.08519728299
2020-11-02,0.414383944728,141,0,2.33174839416
2020-11-03,0.418897682876,143,0,2.50548851942
2020-11-04,0.419095183076,142,0,2.32980868204
2020-11-05,0.422903511168,142,0,2.18585075387
2020-11-06,0.416625756164,143,0,2.01531767385
2020-11-09,0.412801002293,140,0,1.83509225661
2020-11-10,0.411127738866,140,0,1.92090453555
2020-11-11,0.41188448351,139,0,2.38202660626
2020-11-12,0.411019224103,142,0,2.0767974027
2020-11-13,0.410679479086,141,0,2.2463332137
2020-11-16,0.429466041966,142,0,2.08438766956
2020-11-17,0.437359794629,143,0,2.03419935329
2020-11-18,0.438115242041,143,0,2.22487928662
2020-11-19,0.434517637423,144,0,2.21315765094
2020-11-20,0.436402031295,143,0,2.15079468098
2020-11-23,0.435994999516,143,0,2.12042756753
2020-11-24,0.434193797449,143,0,2.4197763548
2020-11-25,0.43664160212,142,0,2.27215690664
2020-11-26,0.436054362027,141,0,1.79743244568
2020-11-27,0.431431237601,145,0,2.02217402316
2020-11-30,0.438667024092,145,0,2.0072204238
2020-12-01,0.437840584407,145,0,2.23209615413
2020-12-02,0.438569737658,143,0,2.13126826508
2020-12-03,0.43540049615,143,0,2.53694724838
2020-12-04,0.436078936797,144,0,2.73746655614
2020-12-07,0.43645839726,145,0,2.64098996619
2020-12-08,0.440275420752,148,0,2.43200167191
2020-12-09,0.446271091692,150,0,2.4645841374
2020-12-10,0.449523972998,151,0,2.19530543458
2020-12-11,0.451532748901,150,0,1.91554788485
2020-12-14,0.454729647902,148,0,2.201132295
2020-12-15,0.460344706265,149,0,1.92358360505
2020-12-16,0.473650093843,146,0,1.91081708436
2020-12-17,0.474027129057,145,0,1.94238018166
2020-12-18,0.471484146418,144,0,1.84967877888
2020-12-21,0.473368015971,143,0,1.86924408613
2020-12-22,0.473526380841,146,0,1.93475784206
2020-12-23,0.470194145222,145,0,1.89405057545
2020-12-24,0.471157493283,145,0,2.07945529124
2020-12-25,0.472872471958,145,0,1.96676276099
2020-12-28,0.476111834687,144,0,1.8563612745
2020-12-29,0.47290686739,145,0,1.70754496472
2020-12-30,0.473569583598,145,0,1.55288222802
2020-12-31,0.474814565518,146,0,1.5454822423
2021-01-01,0.469342928383,146,0,1.7562425608
2021-01-04,0.46610679959,146,0,1.93228989914
2021-01-05,0.465455879371,147,0,2.12928210722
2021-01-06,0.464166505243,148,0,1.72469630701
2021-01-07,0.458950288304,148,0,1.55769958182
2021-01-08,0.448159387232,145,0,1.89942469759
2021-01-11,0.447416969028,145,0,2.26844668941
2021-01-12,0.447546567684,146,0,2.14014459167
2021-01-13,0.440317250338,146,0,1.890782268
2021-01-14,0.441069957752,145,0,1.83168969336
2021-01-15,0.441071683747,144,0,2.09031575871
2021-01-18,0.441026369176,144,0,2.1773357411
2021-01-19,0.440932874014,142,0,2.01230151143
2021-01-20,0.446438283137,142,0,1.90503035955
2021-01-21,0.446541343191,144,0,2.03456886339
2021-01-22,0.445865312089,143,0,2.216592554
2021-01-25,0.446512635012,143,0,2.4931956675
2021-01-26,0.446602798555,145,0,2.28894555288
2021-01-27,0.447303161698,143,0,2.2741975766
2021-01-28,0.445839803931,144,0,2.36030354799
2021-01-29,0.447794597058,145,0,2.12331054319
2021-02-01,0.448177968903,146,0,1.76949395424
2021-02-02,0.450061215843,145,0,1.65986473847
2021-02-03,0.449102981328,144,0,1.89771675284
2021-02-04,0.456127057224,142,0,2.17224333579
2021-02-05,0.455122259875,142,0,2.16304696372
2021-02-08,0.455162519626,143,0,2.02421003581
2021-02-09,0.453964476805,143,0,1.95608423035
2021-02-10,0.446835842041,142,0,1.79265793096
2021-02-11,0.445365423039,144,0,1.9247686875
2021-02-12,0.444792347645,143,0,2.11639089351
2021-02-15,0.441746684947,145,0,1.96265221037
2021-02-16,0.444164963803,145,0,1.97217953562
2021-02-17,0.455055959921,144,0,2.11476286283
2021-02-18,0.454499557411,144,0,2.11819932746
2021-02-19,0.454577588774,141,0,2.04584644645
2021-02-22,0.455164112651,141,0,2.20006763643
2021-02-23,0.455368489488,142,0,2.01469283435
2021-02-24,0.459444498675,142,0,2.27766633644
2021-02-25,0.457153736265,142,0,2.34178212725
2021-02-26,0.462258835158,144,0,2.43426520648
2021-03-01,0.464298407649,144,0,2.55110635088
2021-03-02,0.463751324637,142,0,2.38421347022
2021-03-03,0.463497264117,144,0,1.97828514403
2021-03-04,0.464075410541,141,0,2.0824266162
2021-03-05,0.466099688898,139,0,2.18782762358
2021-03-08,0.46324914314,139,0,2.49335750219
2021-03-09,0.467760379388,143,0,2.21916500693
2021-03-10,0.466488865367,143,0,1.79521938655
2021-03-11,0.468149463553,143,0,1.90551878185
2021-03-12,0.469916037791,144,0,2.17252823189
2021-03-15,0.465937486361,145,0,2.72161101938
2021-03-16,0.469262312007,147,0,2.54323888341
2021-03-17,0.469604460982,145,0,2.44097191542
2021-03-18,0.464559721897,143,0,2.34839414138
2021-03-19,0.460940877948,144,0,2.5429319341
2021-03-22,0.458222975661,145,0,2.56903729339
2021-03-23,0.460004267644,145,0,2.64387536281
2021-03-24,0.46119978369,145,0,2.49259252148
2021-03-25,0.459763984737,144,0,1.9949654925
2021-03-26,0.460366917196,143,0,2.00726898734
2021-03-29,0.459337043033,143,0,1.90924471411
2021-03-30,0.46084510065,144,0,2.04038772798
2021-03-31,0.462204846191,142,0,2.15672179958
2021-04-01,0.470302054695,144,0,2.10566232921
2021-04-02,0.470182063143,144,0,2.46180744407
2021-04-05,0.476108716647,143,0,2.31083064039
2021-04-06,0.471787551353,140,0,2.03707047735
2021-04-07,0.475190153797,141,0,2.03907275269
2021-04-08,0.474450150746,141,0,2.3551727066
2021-04-09,0.468685070779,142,0,2.34242329125
2021-04-12,0.468859119156,144,0,2.38040766181
2021-04-13,0.47010134442,143,0,2.43448346662
2021-04-14,0.467060077703,143,0,2.37890927328
2021-04-15,0.465318825226,143,0,2.49311625514
2021-04-16,0.466954859366,142,0,2.4023894208
2021-04-19,0.466974176973,142,0,2.27817351307
2021-04-20,0.461605489037,143,0,2.01837349291
2021-04-21,0.462780259429,145,0,1.89685576752
2021-04-22,0.463585666634,144,0,1.6111011142
2021-04-23,0.470904269631,143,0,1.91238760784
2021-04-26,0.467523906843,144,0,2.29757648612
2021-04-27,0.466584621959,145,0,2.46709232165
2021-04-28,0.465056230843,145,0,2.40074150694
2021-04-29,0.468921023412,144,0,2.16685046161
2021-04-30,0.470345845328,145,0,2.10644625941
2021-05-03,0.471048445399,144,0,2.264853059
2021-05-04,0.472227043341,145,0,2.30451861104
2021-05-05,0.477564483515,145,0,2.18104979717
2021-05-06,0.48091646362,142,0,2.33678750135
2021-05-07,0.482336483705,140,0,2.27287493569
2021-05-10,0.483254926934,142,0,2.3763584612
2021-05-11,0.470845928289,141,0,2.28554729044
2021-05-12,0.463119567073,140,0,2.02390812147
2021-05-13,0.466431622889,141,0,1.83996477719
2021-05-14,0.468062571708,144,0,1.48553311151
2021-05-17,0.46466824338,144,0,1.95956202232
2021-05-18,0.464307078831,143,0,2.13089344827
2021-05-19,0.466890048361,140,0,2.26958029648
2021-05-20,0.464720874119,140,0,2.55978978598
2021-05-21,0.464336949828,141,0,2.66920256081
2021-05-24,0.464318237806,141,0,2.44613802342
2021-05-25,0.458454886835,141,0,2.31322500605
2021-05-26,0.464146823653,139,0,2.27319796696
2021-05-27,0.461702919949,142,0,2.15886854315
2021-05-28,0.466418302048,142,0,2.52475226007
2021-05-31,0.469779670354,142,0,2.04327695168
2021-06-01,0.472012124528,142,0,2.12320675061
2021-06-02,0.466846106817,140,0,1.85923152792
2021-06-03,0.461215101966,139,0,1.54674977043
2021-06-04,0.455681538086,138,0,1.83058041556
2021-06-07,0.453658107708,139,0,1.84809711162
2021-06-08,0.454146998224,139,0,2.08438164965
2021-06-09,0.451468943315,138,0,2.36964757418
2021-06-10,0.4380829594,137,0,2.38909923293
2021-06-11,0.443679216387,136,0,2.59181633943
2021-06-14,0.445131406979,137,0,2.51021745101
2021-06-15,0.451670685674,136,0,2.57030309528
2021-06-16,0.456050841411,136,0,2.06249717238
2021-06-17,0.45283608886,137,0,1.98674033967
2021-06-18,0.451944814611,137,0,2.05295157573
2021-06-21,0.453374816017,137,0,2.2891673018
2021-06-22,0.457239583812,137,0,1.8950236367
2021-06-23,0.46157001069,136,0,2.3138917642
2021-06-24,0.465230178914,136,0,2.14413198722
2021-06-25,0.463186700013,135,0,2.30229730424
2021-06-28,0.462771374292,136,0,2.1718080703
2021-06-29,0.462633891755,135,0,2.44964453297
2021-06-30,0.462586230382,133,0,2.47261765929
2021-07-01,0.466396379503,133,0,2.54626548744
2021-07-02,0.474363730349,130,0,2.24878740615
2021-07-05,0.471508754316,131,0,1.98814017408
2021-07-06,0.471261793562,136,0,2.40411006319
2021-07-07,0.47124748476,139,0,2.20071232818
2021-07-08,0.472218943846,140,0,2.00758814343
2021-07-09,0.471648971632,138,0,1.58785811389
2021-07-12,0.471174286765,137,0,1.95536247064
2021-07-13,0.470492054188,138,0,2.1846983402
2021-07-14,0.471178076525,138,0,2.58424354821
2021-07-15,0.467315731472,136,0,2.78066967623
2021-07-16,0.465234924985,134,0,2.33666377007
2021-07-19,0.466566140906,134,0,2.33977114894
2021-07-20,0.466572459731,135,0,1.93814237982
2021-07-21,0.46229846673,135,0,1.79199997598
2021-07-22,0.458473945584,134,0,2.31258688382
2021-07-23,0.4607860892,133,0,2.28561572193
2021-07-26,0.459260570626,134,0,2.3600527866
2021-07-27,0.454742705374,134,0,2.56515446056
2021-07-28,0.461220619437,136,0,2.48388199704
2021-07-29,0.463893467836,136,0,2.26495594402
2021-07-30,0.459294894516,136,0,2.76565090111
2021-08-02,0.471727711212,137,0,2.62262503415
2021-08-03,0.472317130836,137,0,2.66757965518
2021-08-04,0.473380519208,138,0,2.63439080748
2021-08-05,0.473694986835,139,0,2.55666508878
2021-08-06,0.473031076059,137,0,2.69302907717
2021-08-09,0.481406046062,140,0,2.08412054284
2021-08-10,0.492421797954,141,0,1.96789183133
2021-08-11,0.489379769809,141,0,2.23237461109
2021-08-12,0.491861908407,140,0,1.96770190477
2021-08-13,0.492629582872,143,0,2.06479685794
2021-08-16,0.497220662925,142,0,2.49804469631
2021-08-17,0.500580654312,142,0,2.18475686574
2021-08-18,0.522603740796,143,0,1.83457517336
2021-08-19,0.523337132468,140,0,1.59318857917
2021-08-20,0.524575968137,141,0,1.65746078756
2021-08-23,0.523958416249,141,0,1.24420922407
2021-08-24,0.541267485871,143,0,1.49225028165
2021-08-25,0.55359242103,142,0,1.59493399951
2021-08-26,0.554353585272,145,0,1.92227013986
2021-08-27,0.563251810169,146,0,1.83069778837
2021-08-30,0.563619645126,147,0,2.00387115385
2021-08-31,0.564069084635,147,0,1.52639731623
2021-09-01,0.58608927641,146,0,1.35873004693
2021-09-02,0.588469900872,145,0,1.77459176217
2021-09-03,0.589631056047,145,0,2.16898401648
2021-09-06,0.591152916209,141,0,1.76688589602
2021-09-07,0.595266316127,144,0,1.72883514543
2021-09-08,0.594602587099,145,0,1.40456412282
2021-09-09,0.594246361669,142,0,1.44190485678
2021-09-10,0.593613696335,144,0,1.41993405989
2021-09-13,0.59469764225,146,0,1.61953293439
2021-09-14,0.595247967865,146,0,1.75325160649
2021-09-15,0.604681505897,146,0,1.66676484217
2021-09-16,0.603231944168,146,0,1.63313929046
2021-09-17,0.609701649465,146,0,1.53262157895
2021-09-20,0.612821543289,146,0,1.50550991962
2021-09-21,0.61299165736,146,0,1.6298367058
2021-09-22,0.61747369826,146,0,1.67803228854
2021-09-23,0.616211018441,146,0,1.87507149627
2021-09-24,0.611553391916,146,0,1.862010611
2021-09-27,0.610866325981,146,0,1.85611794238
2021-09-28,0.62657203628,145,0,1.77090552732
2021-09-29,0.646545850904,146,0,1.50379296492
2021-09-30,0.645323546365,144,0,1.43624424863
2021-10-01,0.646660696356,144,0,1.36348027413
2021-10-04,0.650511081837,144,0,1.5823663963
2021-10-05,0.652707599626,144,0,1.44719417829
2021-10-06,0.651979286623,146,0,1.28342425655
2021-10-07,0.653184586504,145,0,1.34853636869
2021-10-08,0.653780873681,145,0,1.14135921904
2021-10-11,0.656077168998,146,0,1.43524341532
2021-10-12,0.663136820695,146,0,1.19158908576
2021-10-13,0.678379249317,146,0,1.34087965714
2021-10-14,0.683039951242,146,0,1.41777402343
2021-10-15,0.68261838011,147,0,1.30786545622
2021-10-18,0.680975379672,146,0,1.21703656035
2021-10-19,0.691051230957,147,0,1.30195107212
2021-10-20,0.696771873696,148,0,1.41664149217
2021-10-21,0.699695572991,147,0,1.42760475305
2021-10-22,0.698014543427,147,0,1.39596049876
2021-10-25,0.69645754393,147,0,1.22897092294
2021-10-26,0.695786020945,146,0,1.37106157977
2021-10-27,0.694538185058,147,0,1.41208344699
2021-10-28,0.694267927531,146,0,1.52522639593
2021-10-29,0.69292153625,145,0,1.49977526642
2021-11-01,0.695444038956,145,0,1.49345390212
2021-11-02,0.698765165183,147,0,1.55324764047
2021-11-03,0.6969439513,146,0,1.4088756935
2021-11-04,0.716035183038,145,0,1.35113507813
2021-11-05,0.714431237061,146,0,1.4631922517
2021-11-08,0.71937084591,146,0,1.19509227074
2021-11-09,0.719622021203,146,0,1.01960305845
2021-11-10,0.720624164473,147,0,1.09734424154
2021-11-11,0.719904335695,147,0,1.19540850161
2021-11-12,0.720406400209,147,0,1.33559376859
2021-11-15,0.721914174373,149,0,1.55718421377
2021-11-16,0.722286449222,150,0,1.54523262838
2021-11-17,0.723519761373,149,0,1.20955613592
2021-11-18,0.722540146943,148,0,1.267714631
2021-11-19,0.72493241096,147,0,1.1248480396
2021-11-22,0.723480123554,146,0,1.17056360842
2021-11-23,0.722247829502,147,0,1.33397967344
2021-11-24,0.722520201079,147,0,1.44968954199
2021-11-25,0.723802772464,148,0,1.38291953541
2021-11-26,0.725777693529,148,0,1.31404770496
2021-11-29,0.733411340724,149,0,1.1740809903
2021-11-30,0.733713375052,149,0,1.06009985092
2021-12-01,0.738462273941,150,0,1.31634210808
2021-12-02,0.742858929758,151,0,1.4323622017
2021-12-03,0.746357667938,152,0,1.48254069449
2021-12-06,0.746769589215,154,0,1.5257115589
2021-12-07,0.747392939835,154,0,1.31523886843
2021-12-08,0.752388020847,152,0,1.31110456205
2021-12-09,0.766119668569,153,0,1.27134257385
2021-12-10,0.766076810451,153,0,1.39945466371
2021-12-13,0.77434505726,152,0,1.28366497554
2021-12-14,0.77467737465,153,0,1.19885793436
2021-12-15,0.774516131639,154,0,1.35607036059
2021-12-16,0.773620263089,151,0,1.33356087038
2021-12-17,0.776824699619,151,0,1.11877669552
2021-12-20,0.777557862966,150,0,1.23879007666
2021-12-21,0.777592965881,151,0,1.34957153856
2021-12-22,0.778297964033,148,0,1.29583962739
2021-12-23,0.77920639666,149,0,1.05466756106
2021-12-24,0.778479320475,150,0,0.927218035618
2021-12-27,0.77808862774,149,0,0.986509496755
2021-12-28,0.779112376519,150,0,1.15723908745
2021-12-29,0.780069933243,150,0,1.37994057581
2021-12-30,0.782811367931,153,0,1.09420784222
2021-12-31,0.783436546977,153,0,1.26376465697
2022-01-03,0.784929044403,150,0,1.34540349934
2022-01-04,0.787029044518,149,0,1.57318116173
2022-01-05,0.787338393672,149,0,1.58785821633
2022-01-06,0.790321123888,150,0,1.53006753284
2022-01-07,0.790292596882,149,0,1.44355204935
2022-01-10,0.793197063811,149,0,1.21530219477
2022-01-11,0.792624314917,149,0,1.36259667166
2022-01-12,0.792055996927,148,0,1.41750716951
2022-01-13,0.793208101981,148,0,1.44772215088
2022-01-14,0.793940376534,147,0,1.35860337723
2022-01-17,0.793889503127,147,0,1.11483536769
2022-01-18,0.793388020512,147,0,1.36100491387
2022-01-19,0.793328350353,145,0,1.5050762647
2022-01-20,0.793013183933,148,0,1.33843237526
2022-01-21,0.793473994786,148,0,1.19016086096
2022-01-24,0.793267160134,150,0,1.09294009601
2022-01-25,0.791711406095,150,0,1.34100801114
2022-01-26,0.794564202576,152,0,1.50039009517
2022-01-27,0.794606674676,150,0,1.56529736943
2022-01-28,0.795249918732,151,0,1.43886452029
2022-01-31,0.795531240424,149,0,1.35843348641
2022-02-01,0.793552240692,150,0,1.31402022054
2022-02-02,0.791995597629,151,0,1.44520460812
2022-02-03,0.791992274618,150,0,1.64639067782
2022-02-04,0.789760417964,150,0,1.60527472525
2022-02-07,0.790011631451,151,0,1.34166186917
2022-02-08,0.790822210796,153,0,1.17931448876
2022-02-09,0.790145539452,151,0,1.14109093657
2022-02-10,0.787034201196,152,0,1.24973758935
2022-02-11,0.785957471179,153,0,1.29547590347
2022-02-14,0.785273099783,153,0,1.20159155391
2022-02-15,0.783870445892,150,0,1.26178484797
2022-02-16,0.780262222362,151,0,1.5140073896
2022-02-17,0.776872526751,151,0,1.30713702186
2022-02-18,0.776023530633,149,0,1.59931727179
2022-02-21,0.774037309623,150,0,1.55602194668
2022-02-22,0.773884627285,150,0,1.38327143879
2022-02-23,0.773909754324,151,0,1.40569503102
2022-02-24,0.766753191935,150,0,1.52435709499
2022-02-25,0.766449747651,148,0,1.62807428517
2022-02-28,0.765520292926,151,0,1.57373421001
2022-03-01,0.764392309294,150,0,1.48312827402
2022-03-02,0.76249632121,151,0,1.46407499546
2022-03-03,0.761695719907,150,0,1.54293561984
2022-03-04,0.761333774887,150,0,1.47886036846
2022-03-07,0.761629870632,151,0,1.58364462675
2022-03-08,0.761301837281,150,0,1.35522656246
2022-03-09,0.761651045028,151,0,1.86159367461
2022-03-10,0.758281465783,150,0,2.01538971806
2022-03-11,0.759165082576,151,0,1.88048797893
2022-03-14,0.755830607014,151,0,2.03153224746
2022-03-15,0.753885334685,151,0,1.70555443283
2022-03-16,0.754329077933,152,0,1.75657242318
2022-03-17,0.752640809227,152,0,1.95223784815
2022-03-18,0.752856745484,153,0,1.9566905212
2022-03-21,0.753589878418,153,0,1.94386961411
2022-03-22,0.754278383899,152,0,1.69212157342
2022-03-23,0.747160517084,152,0,1.75191968672
2022-03-24,0.737275401001,151,0,2.0626595127
2022-03-25,0.739199414169,152,0,2.07503265697
2022-03-28,0.739303604103,153,0,1.96150278102
2022-03-29,0.73613412229,153,0,2.20343080245
2022-03-30,0.735341478412,152,0,2.44258214288
2022-03-31,0.735559487756,150,0,2.5305213437
2022-04-01,0.736749939598,153,0,2.2496951706
2022-04-04,0.736835051042,151,0,2.45169185606
2022-04-05,0.735265069792,152,0,1.90599395208
2022-04-06,0.730703188956,153,0,2.07312222604
2022-04-07,0.720189810986,152,0,2.16247007185
2022-04-08,0.716485094899,149,0,2.44713941713
2022-04-11,0.71649923587,150,0,2.12430205836
2022-04-12,0.716425690575,149,0,2.34558786412
2022-04-13,0.709299404655,150,0,2.18777059168
2022-04-14,0.706788243691,149,0,2.06717105976
2022-04-15,0.703531227858,148,0,1.90658464524
2022-04-18,0.702598878828,147,0,2.24565733821
2022-04-19,0.701284613361,150,0,2.30828423316
2022-04-20,0.701081966707,150,0,2.10968527971
2022-04-21,0.702458105204,147,0,2.07026888763
2022-04-22,0.701324336361,146,0,1.76219153517
2022-04-25,0.701655111983,145,0,2.20957878922
2022-04-26,0.69847987877,143,0,2.57006059238
2022-04-27,0.695244034591,143,0,2.61099783196
2022-04-28,0.696818128718,145,0,2.87346192333
2022-04-29,0.67394252738,144,0,2.84742453456
2022-05-02,0.674241087345,145,0,2.61978059457
2022-05-03,0.666212057846,144,0,2.36617430912
2022-05-04,0.668451784399,144,0,2.23233915206
2022-05-05,0.667233148977,145,0,1.96821065548
2022-05-06,0.667469094819,145,0,2.17010670211
2022-05-09,0.667225193035,146,0,2.12112807122
2022-05-10,0.667464174813,147,0,1.86199686756
2022-05-11,0.667547363888,147,0,2.01047057433
2022-05-12,0.666141336702,147,0,1.95873754127
2022-05-13,0.666799038385,147,0,2.24232579918
2022-05-16,0.661022556198,147,0,2.36879964901
2022-05-17,0.661033382047,147,0,2.38473843343
2022-05-18,0.660371129062,149,0,2.05136218388
2022-05-19,0.660627282041,147,0,2.06737302157
2022-05-20,0.659862317661,147,0,2.18117227383
2022-05-23,0.655594639564,145,0,2.27554669729
2022-05-24,0.64602022188,143,0,2.34004659323
2022-05-25,0.645196636798,144,0,2.19652605645
2022-05-26,0.634962780703,143,0,2.01857422365
2022-05-27,0.626044981793,142,0,2.28880128496
2022-05-30,0.619658048697,142,0,2.43330160799
2022-05-31,0.615057853441,141,0,2.54982410364
2022-06-01,0.612972210743,142,0,1.97047894369
2022-06-02,0.605379630337,143,0,2.05790533151
2022-06-03,0.564350967822,142,0,2.19961784202
2022-06-06,0.570889050946,142,0,2.1963004915
2022-06-07,0.540895603973,139,0,2.69218382374
2022-06-08,0.540436656108,141,0,2.1717729891
2022-06-09,0.537911344385,140,0,2.3002051167
2022-06-10,0.537289581805,139,0,2.47908894807
2022-06-13,0.522079769505,140,0,1.98403125921
2022-06-14,0.523271102024,140,0,1.83219417928
2022-06-15,0.523705895458,139,0,2.26646593734
2022-06-16,0.524686475998,139,0,2.1895438626
2022-06-17,0.522435004528,139,0,2.09756006042
2022-06-20,0.522757366672,138,0,2.02950870148
2022-06-21,0.526414236194,139,0,2.156691854
2022-06-22,0.52349096406,139,0,2.19166925035
2022-06-23,0.518136591902,137,0,2.41806153189
2022-06-24,0.503729635379,137,0,2.17811282408
2022-06-27,0.495185279491,137,0,1.93438783626
2022-06-28,0.491709485095,136,0,2.06988724757
2022-06-29,0.479662145587,139,0,2.11681066814
2022-06-30,0.480264835057,139,0,1.83812997243
2022-07-01,0.467388585871,141,0,1.84900047773
2022-07-04,0.465302954795,140,0,2.0895324399
2022-07-05,0.450456178649,136,0,1.59856460319
2022-07-06,0.452693756053,134,0,1.72381659591
2022-07-07,0.453675058006,138,0,1.48428356933
2022-07-08,0.44512468439,136,0,1.63691012624
2022-07-11,0.445561553847,135,0,2.02005203509
2022-07-12,0.444165477464,136,0,1.88866566481
2022-07-13,0.44853920984,136,0,1.79538506289
2022-07-14,0.448798192588,134,0,1.91230594696
2022-07-15,0.451782001021,136,0,2.18077718185
2022-07-18,0.451905698082,135,0,2.46625887915
2022-07-19,0.45261173212,138,0,2.03128227906
2022-07-20,0.450648616345,139,0,1.66988898702
2022-07-21,0.436467567831,142,0,1.65573721932
2022-07-22,0.442160650684,142,0,2.23095179024
2022-07-25,0.441506858803,141,0,2.62199095314
2022-07-26,0.441860540023,141,0,2.13611856837
2022-07-27,0.441796328079,140,0,2.27804234781
2022-07-28,0.452765025717,140,0,2.05952971437
2022-07-29,0.453771858867,139,0,2.33245094905
2022-08-01,0.453740569833,138,0,2.15496587341
2022-08-02,0.453546468973,137,0,2.32739874103
2022-08-03,0.450592777711,137,0,2.61443940087
2022-08-04,0.451115374877,136,0,2.46981835174
2022-08-05,0.449693540958,138,0,2.31653902304
2022-08-08,0.458754510534,137,0,1.80031286122
2022-08-09,0.458401667067,139,0,1.85157159806
2022-08-10,0.459974190076,139,0,2.31620501743
2022-08-11,0.455021312749,137,0,2.36232135821
2022-08-12,0.454688514049,139,0,2.50469636638
2022-08-15,0.456204535619,141,0,2.25988236736
2022-08-16,0.458187783238,142,0,2.32382124194
2022-08-17,0.458589811659,142,0,2.21286674279
2022-08-18,0.455859978734,143,0,2.34557222545
2022-08-19,0.454773180811,140,0,1.9152440946
2022-08-22,0.456252009935,138,0,2.20966182075
2022-08-23,0.45962811047,138,0,2.36242327681
2022-08-24,0.458703125001,138,0,2.35249751421
2022-08-25,0.45971730027,139,0,1.88692794432
2022-08-26,0.457602777504,142,0,1.7866641009
2022-08-29,0.456565620301,139,0,1.71407862586
2022-08-30,0.459272856434,141,0,1.85762535844
2022-08-31,0.464451374327,141,0,2.29622340012
2022-09-01,0.464366354508,142,0,2.34527264202
2022-09-02,0.464585727324,141,0,2.13644052409
2022-09-05,0.470504953546,141,0,2.06494907678
2022-09-06,0.473126470593,141,0,2.05386665923
2022-09-07,0.473669821767,141,0,2.39605284641
2022-09-08,0.469446971117,141,0,2.23099289746
2022-09-09,0.470489238851,141,0,2.22516693634
2022-09-12,0.469669768446,140,0,2.21281360009
2022-09-13,0.465454131197,145,0,2.13925058157
2022-09-14,0.459398843046,146,0,1.94472817394
2022-09-15,0.461015156907,146,0,2.15468547126
2022-09-16,0.462226900964,145,0,2.37412416944
2022-09-19,0.455088780464,144,0,2.42102446765
2022-09-20,0.454078541049,145,0,2.47582127519
2022-09-21,0.454952824545,145,0,2.18991534382
2022-09-22,0.454044835124,147,0,2.18908204851
2022-09-23,0.451609743401,146,0,2.31305297765
2022-09-26,0.443172396064,145,0,1.91760909226
2022-09-27,0.444010464927,146,0,2.29058503424
2022-09-28,0.44311540266,144,0,2.005082834
2022-09-29,0.441328219261,144,0,2.0805803958
2022-09-30,0.438724080796,144,0,2.29683612102
2022-10-03,0.440880260224,144,0,1.91674790329
2022-10-04,0.441231078125,143,0,1.96506978593
2022-10-05,0.436828335791,142,0,2.27428064011
2022-10-06,0.434680519703,142,0,2.22176944677
2022-10-07,0.429091728227,142,0,2.5070023172
2022-10-10,0.433570055379,143,0,2.16780674992
2022-10-11,0.442886315366,145,0,2.21317748753
2022-10-12,0.446078378814,143,0,2.55650534856
2022-10-13,0.447189478941,145,0,2.40253216656
2022-10-14,0.448571666877,145,0,2.11868672708
2022-10-17,0.448014345546,145,0,2.183914734
2022-10-18,0.449362220268,143,0,2.14563462689
2022-10-19,0.449463502227,144,0,1.85280962524
2022-10-20,0.450562817104,143,0,1.48479326655
2022-10-21,0.449623237563,144,0,1.86663432906
2022-10-24,0.448325856301,142,0,1.89432408853
2022-10-25,0.448083381349,143,0,2.10558536435
2022-10-26,0.44906542148,142,0,2.18691129795
2022-10-27,0.443901883262,143,0,2.35581263291
2022-10-28,0.442357323241,143,0,2.27697047261
2022-10-31,0.443695777594,141,0,2.82110909151
2022-11-01,0.44516584459,143,0,2.62579663285
2022-11-02,0.444413443901,143,0,2.68348975937
2022-11-03,0.448576303402,144,0,2.56728140007
2022-11-04,0.449946820702,145,0,2.27941146343
2022-11-07,0.447419408424,145,0,2.3394930484
2022-11-08,0.451131823628,146,0,2.2684768606
2022-11-09,0.454543466079,144,0,2.62798541052
2022-11-10,0.454674376911,147,0,2.4951655725
2022-11-11,0.449920880987,147,0,2.65114384948
2022-11-14,0.457974765149,148,0,2.23992989313
2022-11-15,0.459675713543,149,0,2.52802843386
2022-11-16,0.457741044968,145,0,2.2273088684
2022-11-17,0.456570567629,148,0,2.91082292827
2022-11-18,0.456080012821,149,0,2.58785050927
2022-11-21,0.456910820292,146,0,2.08177647996
2022-11-22,0.457339508475,149,0,2.04973990589
2022-11-23,0.460239187815,151,0,1.86614860276
2022-11-24,0.465461675801,149,0,2.15842279804
2022-11-25,0.460210490844,148,0,2.12443228611
