phase,window,feature,n,r2,rmse
final_test,63,h0_mean,1508,0.641533026587,0.0736799967499
final_test,63,h0_max,1508,0.455112333692,0.113036545278
final_test,63,h1_total,1508,0.261105695207,0.095988382061
final_test,63,h1_max,1508,0.143343514498,0.0288158597893
final_test,126,h0_mean,1508,0.419612379461,0.0940935895802
final_test,126,h0_max,1508,0.693618012853,0.0834316514838
final_test,126,h1_total,1508,-0.217024423314,0.0771301313808
final_test,126,h1_max,1508,-0.0880586982236,0.0272674460984
final_test,252,h0_mean,1508,-0.230269882401,0.133221577422
final_test,252,h0_max,1508,-0.513706066517,0.160084028448
final_test,252,h1_total,1508,0.0808000841206,0.0585735639518
final_test,252,h1_max,1508,-0.0323491700666,0.0260941762278
