phase,window,feature,control,n,spearman
final_test,63,h0_mean,mean_correlation,1508,-0.948876411978
final_test,63,h0_mean,mean_stock_volatility,1508,-0.686255453467
final_test,63,h0_mean,spy_volatility,1508,-0.772603648779
final_test,63,h0_max,mean_correlation,1508,-0.683037696544
final_test,63,h0_max,mean_stock_volatility,1508,-0.32931696842
final_test,63,h0_max,spy_volatility,1508,-0.447932755179
final_test,63,h1_total,mean_correlation,1508,-0.582503928993
final_test,63,h1_total,mean_stock_volatility,1508,-0.335101344598
final_test,63,h1_total,spy_volatility,1508,-0.377722204593
final_test,63,h1_max,mean_correlation,1508,-0.391041075934
final_test,63,h1_max,mean_stock_volatility,1508,-0.266759907507
final_test,63,h1_max,spy_volatility,1508,-0.24376318644
final_test,126,h0_mean,mean_correlation,1508,-0.964800373996
final_test,126,h0_mean,mean_stock_volatility,1508,-0.769726178334
final_test,126,h0_mean,spy_volatility,1508,-0.828884747379
final_test,126,h0_max,mean_correlation,1508,-0.720903899008
final_test,126,h0_max,mean_stock_volatility,1508,-0.401636875069
final_test,126,h0_max,spy_volatility,1508,-0.490701875357
final_test,126,h1_total,mean_correlation,1508,-0.648275395834
final_test,126,h1_total,mean_stock_volatility,1508,-0.49415585791
final_test,126,h1_total,spy_volatility,1508,-0.531161168333
final_test,126,h1_max,mean_correlation,1508,-0.508932083571
final_test,126,h1_max,mean_stock_volatility,1508,-0.41196894261
final_test,126,h1_max,spy_volatility,1508,-0.472385044407
final_test,252,h0_mean,mean_correlation,1508,-0.952365211833
final_test,252,h0_mean,mean_stock_volatility,1508,-0.86805986216
final_test,252,h0_mean,spy_volatility,1508,-0.890845615557
final_test,252,h0_max,mean_correlation,1508,-0.826281392224
final_test,252,h0_max,mean_stock_volatility,1508,-0.585803623219
final_test,252,h0_max,spy_volatility,1508,-0.642790608493
final_test,252,h1_total,mean_correlation,1508,-0.566556187841
final_test,252,h1_total,mean_stock_volatility,1508,-0.566077662714
final_test,252,h1_total,spy_volatility,1508,-0.586781021726
final_test,252,h1_max,mean_correlation,1508,-0.442360301203
final_test,252,h1_max,mean_stock_volatility,1508,-0.403033388103
final_test,252,h1_max,spy_volatility,1508,-0.419971557446
