year,model,days,net_return,annualised_arithmetic_gross,annualised_trading_drag,annualised_borrow_drag,mean_gross_exposure,mean_turnover
2020,baseline,253,-0.0291647662089,0.0341743667885,0.0542313262775,0.00648722375798,0.652629998288,0.430407351409
2021,baseline,252,-0.102960777625,-0.0506161481835,0.049790658907,0.00653157565266,0.651351827567,0.395163959579
2022,baseline,251,-0.0513644159726,0.00948748576299,0.0532773692353,0.00681175736223,0.676363376854,0.422836263772
2023,baseline,250,-0.0552065842759,0.0044169575726,0.0537550461267,0.00678191130303,0.673130998188,0.426627350212
2024,baseline,252,-0.049080643672,0.00971772857138,0.0523630625648,0.00665147870351,0.660821643426,0.415579861625
2025,baseline,250,-0.0436327586046,0.015029175792,0.0517856358454,0.00664550001413,0.653279715979,0.410997109884
2020,graph_tau_1,253,-0.0293496423243,0.0334879929639,0.0544769506658,0.00640437258997,0.64050490562,0.432356751316
2021,graph_tau_1,252,-0.0626201366934,-0.00677218067551,0.0506905973171,0.0063959506272,0.639975521411,0.402306327914
2022,graph_tau_1,251,-0.0726014873197,-0.0175457303684,0.0508594226532,0.00624587301595,0.621204736137,0.403646211533
2023,graph_tau_1,250,-0.0645470493129,-0.0102759024308,0.0499128411304,0.00629928735326,0.627587575716,0.396133659765
2024,graph_tau_1,252,-0.0469381268826,0.0108083935537,0.0518370769406,0.00639486476671,0.635188851923,0.411405372544
2025,graph_tau_1,250,-0.00994408796708,0.0502088392607,0.0527355531558,0.00655415261856,0.644185762798,0.418536136157
