ticker,rows,first_date,last_date,missing,nonpositive_volume,moves_above_40pct,largest_abs_adjusted_return,dividend_events,split_events,overlap_returns,max_abs_overlap_return_change,median_adjusted_price_ratio,min_adjusted_price_ratio,max_adjusted_price_ratio
AAPL,1761,2018-12-31,2025-12-31,0,0,0,0.153288414552,28,1,252,7.53194570491e-07,1,0.999999341825,1.00000057415
MSFT,1761,2018-12-31,2025-12-31,0,0,0,0.147390404164,28,0,252,1.05205670797e-06,1,0.99999929061,1.00000057516
IBM,1761,2018-12-31,2025-12-31,0,0,0,0.129641732086,28,1,252,5.63472868587e-07,1,0.999999588837,1.00000047828
ORCL,1761,2018-12-31,2025-12-31,0,0,0,0.359488138525,28,0,252,7.37492417135e-07,1,0.999999530786,1.00000044788
JPM,1761,2018-12-31,2025-12-31,0,0,0,0.180124263279,28,0,252,6.79648138213e-07,1,0.999999581176,1.00000035797
BAC,1761,2018-12-31,2025-12-31,0,0,0,0.177961850912,28,0,252,7.17292896857e-07,1,0.999999585943,1.00000048783
WFC,1761,2018-12-31,2025-12-31,0,0,0,0.158676155308,28,0,252,6.60419375631e-07,1,0.999999355405,1.00000042146
GS,1761,2018-12-31,2025-12-31,0,0,0,0.17580355493,28,0,252,7.21467175446e-07,1,0.999999450291,1.00000056631
XOM,1761,2018-12-31,2025-12-31,0,0,0,0.126868002444,28,0,252,8.0474381936e-07,1,0.999999371084,1.00000052959
CVX,1761,2018-12-31,2025-12-31,0,0,0,0.227406900238,28,0,252,5.45074782865e-07,1,0.999999549792,1.00000044251
COP,1761,2018-12-31,2025-12-31,0,0,0,0.252138539308,36,0,252,6.60101893368e-07,1,0.999999438663,1.0000005368
SLB,1761,2018-12-31,2025-12-31,0,0,0,0.274213836478,28,0,252,8.76604150934e-07,1,0.999999310847,1.00000058116
JNJ,1761,2018-12-31,2025-12-31,0,0,0,0.0799771185688,28,0,252,7.40034086011e-07,1,0.999999539646,1.00000046479
PFE,1761,2018-12-31,2025-12-31,0,0,0,0.108551704254,28,1,252,8.7515622349e-07,1,0.999999462696,1.00000062141
MRK,1761,2018-12-31,2025-12-31,0,0,0,0.0986303043145,28,1,252,1.04029943482e-06,1,0.999999246689,1.00000067247
UNH,1761,2018-12-31,2025-12-31,0,0,0,0.223796580564,28,0,252,7.56538096836e-07,1,0.999999476712,1.00000037512
WMT,1761,2018-12-31,2025-12-31,0,0,0,0.117084767156,28,1,252,1.15364415632e-06,1,0.999999192162,1.00000053162
COST,1761,2018-12-31,2025-12-31,0,0,0,0.124513031333,30,0,252,8.07200356556e-07,1,0.999999533758,1.00000062766
TGT,1761,2018-12-31,2025-12-31,0,0,0,0.249303251819,28,0,252,8.93926767498e-07,1,0.999999543234,1.00000047308
HD,1761,2018-12-31,2025-12-31,0,0,0,0.19793849525,28,0,252,9.80908607451e-07,1,0.999999506801,1.00000056478
KO,1761,2018-12-31,2025-12-31,0,0,0,0.096724520993,28,0,252,8.121282431e-07,1,0.999999595509,1.00000053256
PEP,1761,2018-12-31,2025-12-31,0,0,0,0.129366149842,28,0,252,6.5389290671e-07,1,0.999999570782,1.00000052668
MCD,1761,2018-12-31,2025-12-31,0,0,0,0.181254674107,28,0,252,8.10897884174e-07,1,0.999999499314,1.00000071676
SBUX,1761,2018-12-31,2025-12-31,0,0,0,0.244969447771,28,0,252,8.16910017853e-07,1,0.999999419597,1.00000056725
SPY,1761,2018-12-31,2025-12-31,0,0,0,0.109423695812,28,0,252,1.09474586552e-06,1,0.999999286741,1.00000058995
