date,difference
2020-01-02,0
2020-01-03,0.000184890151697
2020-01-06,0.000420351461332
2020-01-07,-0.000547848662693
2020-01-08,-0.000150245725651
2020-01-09,-0.00109397328243
2020-01-10,-0.000205393645113
2020-01-13,0.00101701430296
2020-01-14,-0.000952128081275
2020-01-15,0.000780151333212
2020-01-16,0.000545460844884
2020-01-17,0.000357066838224
2020-01-21,0.000951176548696
2020-01-22,0.000444459880595
2020-01-23,-0.000676890143737
2020-01-24,-0.000694691404498
2020-01-27,-0.000133901248457
2020-01-28,0.00157519070289
2020-01-29,0.000669490993526
2020-01-30,-0.000179527517445
2020-01-31,0.000123468721188
2020-02-03,-0.000259992642207
2020-02-04,0.000555850887152
2020-02-05,-0.000893831574373
2020-02-06,-0.00022651762288
2020-02-07,-0.000854837000215
2020-02-10,-0.000748329038396
2020-02-11,6.15442331244e-05
2020-02-12,0.000693081244696
2020-02-13,2.62945243229e-05
2020-02-14,0.000126305552459
2020-02-18,0.000263352645461
2020-02-19,0.000102836676642
2020-02-20,0.000426894043905
2020-02-21,-6.62440199737e-05
2020-02-24,0.000844992829855
2020-02-25,0.00120013472365
2020-02-26,0.000355734466021
2020-02-27,-0.000771179816852
2020-02-28,-0.000579889499884
2020-03-02,0.00147158949527
2020-03-03,-5.98520023276e-05
2020-03-04,0.000980349148435
2020-03-05,-0.000590493618046
2020-03-06,0.000792299490181
2020-03-09,0.00437755042815
2020-03-10,0.000830640391709
2020-03-11,0.00247203545724
2020-03-12,0.00257861576662
2020-03-13,0.00682234747045
2020-03-16,-0.00099478568608
2020-03-17,0.000226584162589
2020-03-18,0.00197370193432
2020-03-19,-0.00132255048999
2020-03-20,-0.00235498709256
2020-03-23,0.00162048647177
2020-03-24,-0.00316214264893
2020-03-25,-0.00366815503899
2020-03-26,-0.00167435988869
2020-03-27,-0.00493200932425
2020-03-30,-0.000114407550059
2020-03-31,0.000737941237505
2020-04-01,-0.00345958399467
2020-04-02,-0.000711560935033
2020-04-03,-0.000638088413136
2020-04-06,-0.00150511135908
2020-04-07,0.00159069584444
2020-04-08,0.00177970191835
2020-04-09,-0.000701902578407
2020-04-13,0.000725861091215
2020-04-14,0.00235359517268
2020-04-15,0.000928912643409
2020-04-16,0.00231209946619
2020-04-17,-0.00504984157215
2020-04-20,0.00028855354414
2020-04-21,-0.000754128560397
2020-04-22,-0.00252698711714
2020-04-23,3.03807238219e-05
2020-04-24,-0.000457455824688
2020-04-27,0.000238088724506
2020-04-28,0.000379728958834
2020-04-29,0.00182929949043
2020-04-30,-0.00111802368657
2020-05-01,-0.00356667502748
2020-05-04,0.00050166351565
2020-05-05,-0.000319248713073
2020-05-06,-0.000447508919792
2020-05-07,0.00130810718588
2020-05-08,-0.000896301671554
2020-05-11,-7.76414442696e-05
2020-05-12,0.000318646214127
2020-05-13,0.000255743030068
2020-05-14,-2.6606156486e-05
2020-05-15,0.000493062249958
2020-05-18,-0.00318734211193
2020-05-19,0.000797498206169
2020-05-20,-0.000173095501258
2020-05-21,0.000280213674258
2020-05-22,-0.000392812501705
2020-05-26,0.000570295367969
2020-05-27,-0.000534145060342
2020-05-28,0.00035788482202
2020-05-29,2.33926595878e-05
2020-06-01,-0.000195798944187
2020-06-02,-0.000243823126739
2020-06-03,0.000711653440891
2020-06-04,-0.00011282769516
2020-06-05,0.00024494560259
2020-06-08,0.00169499125649
2020-06-09,-0.00395106417635
2020-06-10,-0.00351544175903
2020-06-11,-0.00289082288687
2020-06-12,0.000401968354265
2020-06-15,0.000599283152683
2020-06-16,-5.79903879872e-06
2020-06-17,-6.99280735614e-05
2020-06-18,-0.000326377814006
2020-06-19,0.000293662568132
2020-06-22,-0.000385567896307
2020-06-23,0.000585093132994
2020-06-24,0.000812916952146
2020-06-25,-0.00023121912833
2020-06-26,0.000366466932171
2020-06-29,0.000242965307399
2020-06-30,0.000111614027378
2020-07-01,0.00105697550646
2020-07-02,-0.000364908662591
2020-07-06,0.000337394047621
2020-07-07,-0.000588776968158
2020-07-08,0.000517169653719
2020-07-09,0.00275514395846
2020-07-10,-0.00192078771543
2020-07-13,-0.00115235626111
2020-07-14,-0.00024541170215
2020-07-15,-0.00037637379987
2020-07-16,-0.000154940290521
2020-07-17,-7.776406642e-05
2020-07-20,0.000164787078222
2020-07-21,-0.000794206270025
2020-07-22,0.000868710312995
2020-07-23,0.00187212420551
2020-07-24,-0.000711308357421
2020-07-27,-0.000242765789095
2020-07-28,-0.000392198303884
2020-07-29,-0.00030195908879
2020-07-30,0.000694826178768
2020-07-31,-0.00098164857812
2020-08-03,0.00164285989295
2020-08-04,-0.00100373121006
2020-08-05,-0.00021002093693
2020-08-06,0.00013713607155
2020-08-07,-0.000400799396287
2020-08-10,-0.000233269522902
2020-08-11,-0.000357799051158
2020-08-12,0.000195370961898
2020-08-13,-0.000618049406023
2020-08-14,-0.000259595739901
2020-08-17,0.0001146634373
2020-08-18,7.43400422714e-05
2020-08-19,0.00128889133581
2020-08-20,0.00171544337895
2020-08-21,0.000110516918248
2020-08-24,-0.000980934702701
2020-08-25,0.00125413936738
2020-08-26,0.00136257609977
2020-08-27,-0.00027441749757
2020-08-28,-0.00123301512363
2020-08-31,0.00120031446385
2020-09-01,0.00174567855047
2020-09-02,0.000132436981063
2020-09-03,-0.00163754273349
2020-09-04,-0.000247817875526
2020-09-08,3.0150519958e-05
2020-09-09,-0.000671487933423
2020-09-10,0.000830006018514
2020-09-11,0.00102687862681
2020-09-14,-0.00186969275367
2020-09-15,0.000216966203396
2020-09-16,-0.00155068833543
2020-09-17,-0.000719526578186
2020-09-18,0.000989061947076
2020-09-21,-0.000971942488547
2020-09-22,-0.000477910109853
2020-09-23,-0.000297180368652
2020-09-24,-0.000162545316299
2020-09-25,0.000460067800229
2020-09-28,0.000836214255773
2020-09-29,0.00166082205664
2020-09-30,0.000234019287368
2020-10-01,0.00080364851889
2020-10-02,-0.000619220190165
2020-10-05,0.000263499742644
2020-10-06,0.00026585512352
2020-10-07,-0.000264662519978
2020-10-08,0.000953759778833
2020-10-09,-0.000410779828645
2020-10-12,-0.000970931450207
2020-10-13,0.000384220315441
2020-10-14,-1.6235698419e-06
2020-10-15,0.000114204572564
2020-10-16,-0.000480837223267
2020-10-19,-0.000329283531387
2020-10-20,0.000270480160688
2020-10-21,3.5166137589e-05
2020-10-22,-0.00112325006959
2020-10-23,9.43113539601e-05
2020-10-26,-4.17877966292e-05
2020-10-27,-0.000725856190122
2020-10-28,-0.000225950261928
2020-10-29,7.44718056533e-05
2020-10-30,-0.00056555980984
2020-11-02,-0.000634266952071
2020-11-03,-0.00016157982173
2020-11-04,-0.00219397575647
2020-11-05,0.00022436062656
2020-11-06,-0.000565123097325
2020-11-09,2.20174615795e-05
2020-11-10,-0.000839680529914
2020-11-11,-0.00448913162931
2020-11-12,-0.00244010936759
2020-11-13,0.00205439762641
2020-11-16,-0.000322632203643
2020-11-17,0.0016031111987
2020-11-18,0.000557722140115
2020-11-19,0.00217523665865
2020-11-20,-0.000315939515146
2020-11-23,0.00265092235012
2020-11-24,0.00305904078486
2020-11-25,-0.000367300925767
2020-11-27,-0.000742898170596
2020-11-30,-0.000784213065949
2020-12-01,-0.000732304377722
2020-12-02,-0.00108556401083
2020-12-03,-0.000817568322192
2020-12-04,-0.000660126519043
2020-12-07,2.25375670929e-05
2020-12-08,0.000613579721625
2020-12-09,0.0013122574137
2020-12-10,-0.00024039490145
2020-12-11,-0.00201397764056
2020-12-14,-0.00274478599353
2020-12-15,-0.00019332864359
2020-12-16,0.000793424728012
2020-12-17,-0.000667753093634
2020-12-18,0.000335152471924
2020-12-21,-0.000650374659582
2020-12-22,0.00128884135573
2020-12-23,-0.000685633175927
2020-12-24,0.000479555610643
2020-12-28,-0.000204231666663
2020-12-29,-0.000518959567072
2020-12-30,-0.000283899521685
2020-12-31,-0.000116279600744
2021-01-04,0.00109089172735
2021-01-05,-0.000518210706879
2021-01-06,0.000129899417613
2021-01-07,-2.27354023175e-05
2021-01-08,0.000732682211759
2021-01-11,0.000499209473129
2021-01-12,0.00202463454039
2021-01-13,-0.000290977948839
2021-01-14,0.00393077303811
2021-01-15,-0.00567778942657
2021-01-19,-0.000275149449317
2021-01-20,-0.00209337436744
2021-01-21,-0.00344692360336
2021-01-22,-0.000289961570166
2021-01-25,0.00216994625503
2021-01-26,0.00239011847141
2021-01-27,0.00185518292259
2021-01-28,-0.0020224834553
2021-01-29,0.000550317219566
2021-02-01,-0.00056877636889
2021-02-02,-0.000671162598643
2021-02-03,0.000817053552205
2021-02-04,0.00275006941491
2021-02-05,0.000622500930024
2021-02-08,0.00410272802454
2021-02-09,-0.000147126828713
2021-02-10,0.000728012384719
2021-02-11,-0.000480994530812
2021-02-12,0.00127069978515
2021-02-16,0.00251610641988
2021-02-17,0.00108149573503
2021-02-18,2.31447198891e-05
2021-02-19,0.00161873157905
2021-02-22,0.00487035692281
2021-02-23,0.00264809910792
2021-02-24,0.00815565213804
2021-02-25,0.000807466317541
2021-02-26,-0.0046644049007
2021-03-01,-0.000125523728058
2021-03-02,0.00330097403253
2021-03-03,0.00574511864702
2021-03-04,0.001989136034
2021-03-05,0.000942548562309
2021-03-08,0.00368982198628
2021-03-09,-0.00523342832005
2021-03-10,0.00298530856126
2021-03-11,-0.00318321151864
2021-03-12,-4.50565770274e-05
2021-03-15,0.000904069571389
2021-03-16,0.000806240663161
2021-03-17,-0.00148067438126
2021-03-18,-0.0014148922315
2021-03-19,0.00204509116905
2021-03-22,0.0019386374727
2021-03-23,0.00183097751656
2021-03-24,-0.00178708368871
2021-03-25,-0.00162430839342
2021-03-26,-0.00080027706963
2021-03-29,0.00112455552179
2021-03-30,-0.00077557737652
2021-03-31,0.00114307523181
2021-04-01,0.000645429844791
2021-04-05,0.00187598880043
2021-04-06,0.000722631096916
2021-04-07,-0.000578744697678
2021-04-08,0.000385103601572
2021-04-09,5.13147225334e-05
2021-04-12,-0.000733341048066
2021-04-13,0.00381144570804
2021-04-14,-0.00370328520682
2021-04-15,0.00149867058856
2021-04-16,-0.000353809454491
2021-04-19,9.13103454466e-05
2021-04-20,0.000794269796335
2021-04-21,-0.000432306383984
2021-04-22,-0.000228201251744
2021-04-23,-0.00128232452136
2021-04-26,-0.000246687345805
2021-04-27,-0.000646431390025
2021-04-28,0.000451890085329
2021-04-29,0.00269353150803
2021-04-30,-0.00282381072244
2021-05-03,0.000599306627854
2021-05-04,0.00181005210255
2021-05-05,0.00171811007156
2021-05-06,-0.000523559564016
2021-05-07,-5.49557893035e-05
2021-05-10,0.000913357386561
2021-05-11,-0.000921371105395
2021-05-12,0.00346984277322
2021-05-13,-0.00110992499544
2021-05-14,0.000971048956122
2021-05-17,0.00264134069164
2021-05-18,-0.00182922166511
2021-05-19,-0.00265896330364
2021-05-20,-0.0011272348543
2021-05-21,-0.000704306106907
2021-05-24,0.000134495493495
2021-05-25,0.000942014536766
2021-05-26,-0.000530469732196
2021-05-27,-6.01116313513e-05
2021-05-28,-0.00114122639096
2021-06-01,0.00182382882637
2021-06-02,0.000783319957678
2021-06-03,0.000910160751964
2021-06-04,-0.000486616976554
2021-06-07,0.000244973540903
2021-06-08,3.14436341952e-05
2021-06-09,-0.00123310223174
2021-06-10,-0.00173015069007
2021-06-11,-9.95679911446e-05
2021-06-14,0.00161766998197
2021-06-15,-0.00274222389212
2021-06-16,-0.000583456261125
2021-06-17,0.00487904092965
2021-06-18,0.000618489697794
2021-06-21,-0.00368883877699
2021-06-22,1.62064806397e-05
2021-06-23,-0.000439740865827
2021-06-24,-0.00148300587727
2021-06-25,-0.000283155530481
2021-06-28,-0.00244524633993
2021-06-29,-0.0010091324626
2021-06-30,0.00047598089193
2021-07-01,-0.000458819993588
2021-07-02,0.00112066166616
2021-07-06,0.00357956551954
2021-07-07,0.00340672976415
2021-07-08,0.000624118563473
2021-07-09,-0.00338907524316
2021-07-12,-0.00111976489625
2021-07-13,0.00350027897874
2021-07-14,0.00384861949727
2021-07-15,0.000511633673761
2021-07-16,0.0027473651959
2021-07-19,0.00202551008392
2021-07-20,-0.000847990769802
2021-07-21,-0.00361305669047
2021-07-22,0.0035014003104
2021-07-23,0.00107362728101
2021-07-26,-0.00306317037548
2021-07-27,5.68161146937e-05
2021-07-28,-0.000577473086199
2021-07-29,-0.000586047607491
2021-07-30,0.000905531990089
2021-08-02,4.01042970674e-05
2021-08-03,0.000736422083059
2021-08-04,-0.000784594988553
2021-08-05,-6.76546471134e-06
2021-08-06,-0.00167339270316
2021-08-09,0.000575515880789
2021-08-10,0.00266284944738
2021-08-11,0.000140580442634
2021-08-12,-0.000696930703516
2021-08-13,-0.00269145928156
2021-08-16,-0.00447536687995
2021-08-17,0.000779719083657
2021-08-18,6.57992682259e-05
2021-08-19,0.002246815361
2021-08-20,0.0010572205184
2021-08-23,-0.00358065481119
2021-08-24,-0.00374045318362
2021-08-25,-0.00103839278502
2021-08-26,-0.000202162719732
2021-08-27,0.00200229096846
2021-08-30,-0.00867370683649
2021-08-31,-0.00443635315078
2021-09-01,-0.0054467872277
2021-09-02,-0.000572883527337
2021-09-03,0.000903575491756
2021-09-07,-8.46945316273e-05
2021-09-08,0.00251026637259
2021-09-09,-0.000362678901013
2021-09-10,-0.000417046648991
2021-09-13,-0.0009133141869
2021-09-14,-0.000316400226891
2021-09-15,-0.000182314509376
2021-09-16,0.000920633869934
2021-09-17,0.00102970833903
2021-09-20,-0.00145008764596
2021-09-21,-0.000396561819373
2021-09-22,-0.000162412453371
2021-09-23,0.000566968283587
2021-09-24,1.839957201e-05
2021-09-27,0.00304505189577
2021-09-28,0.00179721075387
2021-09-29,-0.000225694227114
2021-09-30,0.00165411164407
2021-10-01,0.00254690351562
2021-10-04,0.00396171925567
2021-10-05,-6.89644619212e-05
2021-10-06,-0.00102763639357
2021-10-07,1.90626185375e-05
2021-10-08,0.000262773809775
2021-10-11,-1.50379994646e-05
2021-10-12,6.90820369631e-05
2021-10-13,0.00160642880707
2021-10-14,0.000770996212646
2021-10-15,-0.000143279940736
2021-10-18,0.00128251804725
2021-10-19,-0.000648092276096
2021-10-20,-0.000736797173913
2021-10-21,0.00119191922076
2021-10-22,6.78396602571e-06
2021-10-25,6.71061430489e-05
2021-10-26,-0.000139265298182
2021-10-27,0.000711863903037
2021-10-28,4.38500066988e-05
2021-10-29,-0.00107896008708
2021-11-01,-4.49857831681e-05
2021-11-02,0.000867227848303
2021-11-03,0.000282621892989
2021-11-04,0.0011057763873
2021-11-05,-0.0021193327114
2021-11-08,-0.00140084437321
2021-11-09,-0.000517910737925
2021-11-10,0.00188997147136
2021-11-11,0.000362563405333
2021-11-12,-0.000187831948281
2021-11-15,-0.000138149095254
2021-11-16,-0.000661848149729
2021-11-17,0.000142337983954
2021-11-18,0.00170307195856
2021-11-19,0.00166791959609
2021-11-22,-0.0014294269744
2021-11-23,-0.000901327292804
2021-11-24,0.000126608781137
2021-11-26,0.000729855989621
2021-11-29,0.00282774325137
2021-11-30,0.00111962189939
2021-12-01,0.000917517641981
2021-12-02,-0.000395808465147
2021-12-03,-0.000184345512522
2021-12-06,-0.00240310846451
2021-12-07,0.00147169440551
2021-12-08,0.000437269340267
2021-12-09,0.000579973493037
2021-12-10,-0.000311110810612
2021-12-13,0.000733469581129
2021-12-14,-0.00115221175939
2021-12-15,0.00207082712119
2021-12-16,-0.00179090607897
2021-12-17,-0.00152995118011
2021-12-20,0.000349276726676
2021-12-21,-0.000712923990273
2021-12-22,0.000743678281776
2021-12-23,-0.000776563854353
2021-12-27,-0.00081856079427
2021-12-28,0.000495493947733
2021-12-29,0.00044963449062
2021-12-30,-7.97532697214e-05
2021-12-31,-0.000144724143825
2022-01-03,-0.00147525344886
2022-01-04,-0.00493174428789
2022-01-05,0.000991098128208
2022-01-06,0.00196633862503
2022-01-07,0.00302426240568
2022-01-10,0.00204653835154
2022-01-11,0.000794128404859
2022-01-12,-0.000842562498099
2022-01-13,0.00140668626501
2022-01-14,-0.00217896777244
2022-01-18,-0.00219574976025
2022-01-19,-0.000548995382815
2022-01-20,0.000390360564511
2022-01-21,-0.000154050705633
2022-01-24,-0.00101368875838
2022-01-25,0.000464611704953
2022-01-26,0.000226074436547
2022-01-27,-0.000690350774671
2022-01-28,-0.00344843038668
2022-01-31,-0.00215313862808
2022-02-01,0.00340225745507
2022-02-02,-0.000253650116044
2022-02-03,-0.000288090095137
2022-02-04,-0.00348278155481
2022-02-07,-0.00107216667178
2022-02-08,-0.00131373644255
2022-02-09,0.000212638013701
2022-02-10,-0.000201646046189
2022-02-11,0.00492255917943
2022-02-14,-0.00333797563857
2022-02-15,-0.00281063890375
2022-02-16,0.000229572409028
2022-02-17,-0.00264162642834
2022-02-18,6.64260312109e-05
2022-02-22,0.00117093740588
2022-02-23,-0.00140336686051
2022-02-24,0.000107580734091
2022-02-25,0.000381566057905
2022-02-28,-0.00138357066741
2022-03-01,-0.00275575240261
2022-03-02,0.000108152051112
2022-03-03,0.000160288426815
2022-03-04,-0.000398901979544
2022-03-07,0.00023466433879
2022-03-08,-0.000869140478336
2022-03-09,-0.000100997200114
2022-03-10,0.00216725819805
2022-03-11,-0.00029435730278
2022-03-14,-0.00293460388745
2022-03-15,-0.00555122895787
2022-03-16,0.00269992011791
2022-03-17,-0.00197515936695
2022-03-18,0.000445248303081
2022-03-21,-0.00414752113574
2022-03-22,-0.000987250900851
2022-03-23,-0.00399151020744
2022-03-24,-0.000788346078166
2022-03-25,0.0018654138579
2022-03-28,-0.00215841952819
2022-03-29,-0.000367042877317
2022-03-30,0.000229910087232
2022-03-31,8.12621094715e-05
2022-04-01,0.000579500616431
2022-04-04,0.00153145800431
2022-04-05,0.00350477769526
2022-04-06,0.00150881857665
2022-04-07,-0.00129030221792
2022-04-08,-0.00172982600779
2022-04-11,-3.3390033925e-05
2022-04-12,-0.000823437692302
2022-04-13,1.78832967717e-05
2022-04-14,-8.24833226364e-05
2022-04-18,-1.90236435157e-05
2022-04-19,-0.000514118641449
2022-04-20,0.000292896399916
2022-04-21,-0.00171317851091
2022-04-22,0.000974691983701
2022-04-25,0.00108861318311
2022-04-26,-0.000476949909474
2022-04-27,-0.00200297540757
2022-04-28,-0.00110082199437
2022-04-29,-0.000211116700363
2022-05-02,-0.00168137995401
2022-05-03,-0.000605949524947
2022-05-04,0.00254652876145
2022-05-05,-0.000175333621114
2022-05-06,0.00325399405726
2022-05-09,-0.00799588248302
2022-05-10,0.000212721840584
2022-05-11,0.00235584079265
2022-05-12,-0.00166241749618
2022-05-13,0.00222228350945
2022-05-16,-0.00121611352067
2022-05-17,-0.00283550749357
2022-05-18,0.0053299501022
2022-05-19,0.00117896217151
2022-05-20,-0.00135607925287
2022-05-23,0.00367138091593
2022-05-24,-0.000302376505447
2022-05-25,0.000875329699456
2022-05-26,0.000505269664398
2022-05-27,-0.000361190548678
2022-05-31,0.000148493609301
2022-06-01,0.000671869791734
2022-06-02,-0.000951437645345
2022-06-03,0.00164117391568
2022-06-06,0.000333473280679
2022-06-07,0.002647881072
2022-06-08,0.00102071219006
2022-06-09,-0.00261993452534
2022-06-10,-0.00149342730796
2022-06-13,-0.00403038555485
2022-06-14,-0.000419687098573
2022-06-15,-0.00182942035226
2022-06-16,0.000484083762166
2022-06-17,0.00414298878872
2022-06-21,-0.00238133748724
2022-06-22,0.00760747777981
2022-06-23,0.00549282357374
2022-06-24,0.00176253497935
2022-06-27,-0.00232530784441
2022-06-28,-0.00477898052346
2022-06-29,0.00221549756312
2022-06-30,0.00299285858186
2022-07-01,0.000278723694254
2022-07-05,-0.00110185671566
2022-07-06,0.00085040131044
2022-07-07,-0.00309530011774
2022-07-08,-0.000719065139768
2022-07-11,0.00140625694742
2022-07-12,0.00143142962487
2022-07-13,0.000606071060514
2022-07-14,0.00077077928577
2022-07-15,-0.000218759528436
2022-07-18,-0.00170391376805
2022-07-19,-0.00193148961466
2022-07-20,0.00110054155661
2022-07-21,-0.000459903997415
2022-07-22,0.000778603022197
2022-07-25,0.0011014701068
2022-07-26,-0.00119945312787
2022-07-27,0.00219801997378
2022-07-28,-0.000728809595145
2022-07-29,0.00051662236142
2022-08-01,-0.00159630983222
2022-08-02,0.000863648464367
2022-08-03,-0.0012840671942
2022-08-04,-0.00202967624974
2022-08-05,0.000192775003808
2022-08-08,-0.000867256414268
2022-08-09,-0.00182385509001
2022-08-10,0.00132593507031
2022-08-11,-0.00200606944519
2022-08-12,-0.000860024950595
2022-08-15,-0.00310968507026
2022-08-16,-0.00131167654505
2022-08-17,0.000647342285456
2022-08-18,-0.00115905361381
2022-08-19,-0.00085301886405
2022-08-22,-0.00125732723821
2022-08-23,-0.00293182726139
2022-08-24,0.00148472648356
2022-08-25,0.00107518145456
2022-08-26,0.00237262605112
2022-08-29,0.00243751939679
2022-08-30,-0.00373057562884
2022-08-31,-0.00154784824743
2022-09-01,-0.00696912555701
2022-09-02,0.00488533075973
2022-09-06,7.90874814609e-05
2022-09-07,0.000167104315024
2022-09-08,-0.00197020485895
2022-09-09,-0.00118955021515
2022-09-12,-0.000275997151043
2022-09-13,-6.91961892493e-05
2022-09-14,-0.00287698457731
2022-09-15,-0.000715861382466
2022-09-16,-0.00229460317216
2022-09-19,0.000328085440352
2022-09-20,0.000515836416237
2022-09-21,-0.000254806177841
2022-09-22,0.00010556952972
2022-09-23,0.00369876918499
2022-09-26,0.0014948188408
2022-09-27,-0.000863620640168
2022-09-28,-0.00149146884768
2022-09-29,-0.000993040816671
2022-09-30,-0.000219548112346
2022-10-03,-0.00147174575638
2022-10-04,0.00129366164759
2022-10-05,0.00289551404317
2022-10-06,0.00254185747172
2022-10-07,0.00331777842132
2022-10-10,-0.00234644906897
2022-10-11,-0.00313546741221
2022-10-12,0.0011647521594
2022-10-13,0.00186572418475
2022-10-14,-0.00124108795899
2022-10-17,-1.28408505293e-05
2022-10-18,-0.000428526673887
2022-10-19,-0.00151305167342
2022-10-20,0.00126637966899
2022-10-21,0.000567745728259
2022-10-24,0.000592731603581
2022-10-25,-0.000957266545823
2022-10-26,0.000477887706544
2022-10-27,0.000274941089963
2022-10-28,0.00134832823737
2022-10-31,-0.0011837490421
2022-11-01,-0.0020155580357
2022-11-02,-0.000763376131687
2022-11-03,-0.000199938447228
2022-11-04,0.000178484127115
2022-11-07,0.00161104698006
2022-11-08,-0.000582675456025
2022-11-09,-0.00223646457241
2022-11-10,-0.0004565734776
2022-11-11,-0.00100986425262
2022-11-14,0.000452874661901
2022-11-15,0.00252449752618
2022-11-16,0.00260213198051
2022-11-17,-0.00115547805104
2022-11-18,0.000300946973296
2022-11-21,-9.15332908119e-05
2022-11-22,-0.00273479520274
2022-11-23,0.00267313716782
2022-11-25,0.000161074796637
2022-11-28,0.00213624378562
2022-11-29,-0.00365040612845
2022-11-30,0.00292634173162
2022-12-01,0.000545539132395
2022-12-02,-0.000325919079048
2022-12-05,0.0013502392476
2022-12-06,0.000192526205619
2022-12-07,0.000292373815285
2022-12-08,0.000378773081636
2022-12-09,0.00197758346823
2022-12-12,-0.00163056074174
2022-12-13,-0.00154539376878
2022-12-14,0.00104212998795
2022-12-15,-0.00087208420089
2022-12-16,-0.000149629212801
2022-12-19,0.000864271187165
2022-12-20,0.00198341862076
2022-12-21,0.00171626616803
2022-12-22,-0.0018561199592
2022-12-23,0.00412747628058
2022-12-27,0.00061649108705
2022-12-28,-0.00152946655
2022-12-29,-0.000295365893061
2022-12-30,0.00139823924605
2023-01-03,-0.00261956336138
2023-01-04,0.000199092293052
2023-01-05,-0.00115543008494
2023-01-06,-0.000164128778712
2023-01-09,7.19151372366e-05
2023-01-10,-7.18913620967e-07
2023-01-11,0.000178869396197
2023-01-12,0.00152857758901
2023-01-13,0.000550270506439
2023-01-17,0.00239888417249
2023-01-18,-0.000984542188893
2023-01-19,0.0014410995534
2023-01-20,-0.00139625797617
2023-01-23,-0.00272726595198
2023-01-24,6.78402512166e-05
2023-01-25,-0.000633711618791
2023-01-26,-0.000619260011519
2023-01-27,0.000370182298891
2023-01-30,0.000184932795925
2023-01-31,2.50449618981e-05
2023-02-01,2.27811744453e-05
2023-02-02,-0.00117121954987
2023-02-03,-0.00133697707483
2023-02-06,-0.000447942366246
2023-02-07,-0.00227458155669
2023-02-08,-0.000269731478667
2023-02-09,0.000172729593781
2023-02-10,-0.000381805138154
2023-02-13,-0.000998630421606
2023-02-14,0.000190234140893
2023-02-15,-0.000889892159448
2023-02-16,0.000236398377335
2023-02-17,0.000342676108476
2023-02-21,0.000540489810463
2023-02-22,0.000958497891494
2023-02-23,-0.000526191888043
2023-02-24,-0.00216516248603
2023-02-27,-0.000436172820029
2023-02-28,-0.000531455883334
2023-03-01,0.00426827641104
2023-03-02,-0.000144028693213
2023-03-03,0.000339025131899
2023-03-06,-0.000642520143247
2023-03-07,-0.000813693893268
2023-03-08,-5.81968478497e-05
2023-03-09,-0.000264640211426
2023-03-10,0.00118032202542
2023-03-13,0.00193515578819
2023-03-14,-5.38864315287e-05
2023-03-15,0.0032738336245
2023-03-16,-0.000138548814346
2023-03-17,0.000378014447141
2023-03-20,-0.000899249366991
2023-03-21,-0.00374546997891
2023-03-22,-0.000869587880438
2023-03-23,0.00317047183926
2023-03-24,-0.000374757747109
2023-03-27,-0.00056283248938
2023-03-28,0.000257550951209
2023-03-29,0.00082694318458
2023-03-30,-9.63974526912e-05
2023-03-31,7.94025356954e-06
2023-04-03,0.00246770666755
2023-04-04,-0.00166609776303
2023-04-05,0.000166098991908
2023-04-06,-0.00114957981125
2023-04-10,-0.000415554442826
2023-04-11,-0.00111450103771
2023-04-12,0.000763735264544
2023-04-13,0.000634755553005
2023-04-14,0.00101785177833
2023-04-17,0.000273272573245
2023-04-18,0.000546297386799
2023-04-19,2.46127897321e-05
2023-04-20,-0.00058628690177
2023-04-21,0.000189043909107
2023-04-24,0.000404245980607
2023-04-25,0.000235287030313
2023-04-26,0.000455036356411
2023-04-27,0.000550479540761
2023-04-28,-0.000596158106578
2023-05-01,0.0004463424799
2023-05-02,0.000985832300291
2023-05-03,0.00274205759542
2023-05-04,-0.000302431129285
2023-05-05,-0.000723872612532
2023-05-08,-0.00163265815912
2023-05-09,-0.00043268296803
2023-05-10,0.00134474015544
2023-05-11,3.05560845416e-05
2023-05-12,0.00127232032918
2023-05-15,-0.000368983797774
2023-05-16,0.00177158585864
2023-05-17,-0.00154562577562
2023-05-18,0.000608548908075
2023-05-19,-0.000266077212389
2023-05-22,-0.00192978257173
2023-05-23,0.000831466414747
2023-05-24,-0.000400308485512
2023-05-25,-0.00119796674513
2023-05-26,-0.00117582996317
2023-05-30,-0.000115711846014
2023-05-31,-0.00129962751665
2023-06-01,0.000441655654446
2023-06-02,-0.000933463071718
2023-06-05,0.00027790166663
2023-06-06,-0.00102888071192
2023-06-07,-0.00156438099821
2023-06-08,0.000221368625819
2023-06-09,-0.000622393205213
2023-06-12,-0.00166739506077
2023-06-13,0.000163666076458
2023-06-14,0.000539725943379
2023-06-15,0.000746966469686
2023-06-16,8.41423256963e-05
2023-06-20,0.00155387262525
2023-06-21,-0.000810043346349
2023-06-22,0.00330776685627
2023-06-23,3.27856706004e-05
2023-06-26,-0.00270606941999
2023-06-27,-5.67712700772e-06
2023-06-28,2.43639415904e-05
2023-06-29,-0.00072292866019
2023-06-30,6.06523428297e-05
2023-07-03,0.00166265278992
2023-07-05,-7.67260204199e-05
2023-07-06,-0.00112584063397
2023-07-07,0.00393532231896
2023-07-10,4.79753011984e-06
2023-07-11,0.00104794153453
2023-07-12,0.000320534533404
2023-07-13,-0.000951757432084
2023-07-14,-0.00384020428592
2023-07-17,0.00127940191209
2023-07-18,-0.000604996991323
2023-07-19,-0.000763162018965
2023-07-20,-0.00157863284986
2023-07-21,-0.000226628437738
2023-07-24,-8.45214725601e-05
2023-07-25,-0.000184088719207
2023-07-26,0.00177417341364
2023-07-27,-0.000815383169221
2023-07-28,-0.000475565081471
2023-07-31,0.00103246605154
2023-08-01,-0.00056746235766
2023-08-02,-0.000350173583933
2023-08-03,0.000799203882579
2023-08-04,0.000344469802099
2023-08-07,7.50645665448e-05
2023-08-08,0.000323669079189
2023-08-09,4.95999777268e-05
2023-08-10,-0.000299559076253
2023-08-11,0.000944523146681
2023-08-14,-0.000556004010367
2023-08-15,-0.00130695591781
2023-08-16,-0.000847777856346
2023-08-17,-0.00136023504358
2023-08-18,-0.000636353277199
2023-08-21,0.000465029566808
2023-08-22,-2.08050450754e-05
2023-08-23,-0.00051575522977
2023-08-24,-0.000105005349546
2023-08-25,0.00110737778882
2023-08-28,-0.000501210699659
2023-08-29,0.000877529102511
2023-08-30,0.000296676077456
2023-08-31,0.000781411476106
2023-09-01,-0.000536427690193
2023-09-05,0.000447809845423
2023-09-06,0.000805318790435
2023-09-07,-0.000621903522813
2023-09-08,0.000411641319077
2023-09-11,-0.000100102351298
2023-09-12,0.000909412621934
2023-09-13,0.000810182452642
2023-09-14,0.000344245105177
2023-09-15,-0.000145248482506
2023-09-18,0.000349457746222
2023-09-19,-0.000940844906957
2023-09-20,0.000280423426516
2023-09-21,-1.99343167844e-05
2023-09-22,0.000288479059379
2023-09-25,0.000218401699781
2023-09-26,0.000188457890021
2023-09-27,-0.000310322259205
2023-09-28,0.000574521779628
2023-09-29,-0.000980467606609
2023-10-02,-0.00136330816887
2023-10-03,0.00119437614406
2023-10-04,-0.000123818433974
2023-10-05,0.00073448471752
2023-10-06,0.000697003397425
2023-10-09,-0.000695971955027
2023-10-10,-0.000353799781888
2023-10-11,-0.000569002192062
2023-10-12,0.000298890162397
2023-10-13,0.00140587110006
2023-10-16,-0.000990063700236
2023-10-17,0.000929856024631
2023-10-18,0.000289629797649
2023-10-19,-0.000198770348659
2023-10-20,0.000572904845505
2023-10-23,-0.000222127122809
2023-10-24,0.000577618279372
2023-10-25,-0.000440476809683
2023-10-26,-0.00208999774687
2023-10-27,0.00130547882621
2023-10-30,0.000892715035661
2023-10-31,0.000138600447688
2023-11-01,0.000827047056476
2023-11-02,-0.00102570918604
2023-11-03,0.000553855686868
2023-11-06,0.00196163425268
2023-11-07,0.00147668865805
2023-11-08,0.00061243039427
2023-11-09,-0.000301652943473
2023-11-10,0.000395891197694
2023-11-13,-0.000797513822196
2023-11-14,-0.000201566283365
2023-11-15,0.00106924942565
2023-11-16,-0.000742820182671
2023-11-17,0.000750922301865
2023-11-20,-0.00010250887379
2023-11-21,-0.000255607235976
2023-11-22,-0.000360302611873
2023-11-24,4.75629258431e-05
2023-11-27,-0.000298431592279
2023-11-28,-0.000124169601165
2023-11-29,-0.000255926140426
2023-11-30,-0.000410711247826
2023-12-01,-0.000117423622391
2023-12-04,0.000101161035274
2023-12-05,-0.000587765104743
2023-12-06,0.000786695676165
2023-12-07,-0.00044842164978
2023-12-08,-0.00124175864488
2023-12-11,0.000847204361274
2023-12-12,-0.000297936024871
2023-12-13,-0.000486425078485
2023-12-14,0.000775407953263
2023-12-15,-0.00161536533813
2023-12-18,-0.000939025152443
2023-12-19,-0.000386885154163
2023-12-20,0.000527593593947
2023-12-21,-0.000638562522043
2023-12-22,-6.14670993435e-05
2023-12-26,-0.000305513722117
2023-12-27,-0.00011048034404
2023-12-28,-0.000913752258369
2023-12-29,9.93557758807e-05
2024-01-02,0.000104982127251
2024-01-03,-0.0017537933132
2024-01-04,0.000748276422751
2024-01-05,0.000926460527129
2024-01-08,9.15491617408e-05
2024-01-09,-0.000756595805296
2024-01-10,-0.000247483255969
2024-01-11,-0.000259342316757
2024-01-12,0.000818432213948
2024-01-16,0.00130867789571
2024-01-17,0.000964092257568
2024-01-18,0.00151919734653
2024-01-19,-0.000258330640193
2024-01-22,-0.00109248636414
2024-01-23,0.0010310429091
2024-01-24,-0.000977587070585
2024-01-25,0.00290313910011
2024-01-26,0.000119142711589
2024-01-29,-0.000511380662378
2024-01-30,-0.000524658075055
2024-01-31,-0.00136265423441
2024-02-01,-0.000289488140392
2024-02-02,0.000366091458545
2024-02-05,-0.000961830614578
2024-02-06,-0.000685545609783
2024-02-07,0.000204104322178
2024-02-08,-0.00180089248882
2024-02-09,0.00122045600922
2024-02-12,-0.000375825284338
2024-02-13,-0.000185465260308
2024-02-14,0.000354796432032
2024-02-15,-0.00141494830189
2024-02-16,0.000171424955514
2024-02-20,-0.000934858188448
2024-02-21,0.00136986529112
2024-02-22,-0.0014726859633
2024-02-23,-0.000340310124639
2024-02-26,0.000100736392453
2024-02-27,0.000651722001971
2024-02-28,6.20749973598e-05
2024-02-29,-0.000101081566887
2024-03-01,0.00110054662071
2024-03-04,0.000151047831133
2024-03-05,0.0018096307187
2024-03-06,0.000893490521049
2024-03-07,-0.000974261006783
2024-03-08,0.00130279138996
2024-03-11,0.000404426644571
2024-03-12,-0.00205899969135
2024-03-13,0.00272866845284
2024-03-14,0.000340877250476
2024-03-15,0.000527832053007
2024-03-18,-7.40376504715e-06
2024-03-19,0.000333473478063
2024-03-20,-0.000778515639349
2024-03-21,3.24926035459e-05
2024-03-22,0.000587607224504
2024-03-25,0.000748563222998
2024-03-26,-0.000457263961424
2024-03-27,0.00139554769872
2024-03-28,0.000599562125111
2024-04-01,-0.00035133143031
2024-04-02,0.00112580780249
2024-04-03,-0.000364694033744
2024-04-04,5.72938281855e-05
2024-04-05,0.000574147402818
2024-04-08,-0.000280434964435
2024-04-09,-0.000379964124481
2024-04-10,0.00185535784623
2024-04-11,-7.09225934948e-05
2024-04-12,0.000114551690107
2024-04-15,-0.00149003942089
2024-04-16,0.000871020906376
2024-04-17,-0.000768526673688
2024-04-18,-0.00033243211037
2024-04-19,-0.000308813504792
2024-04-22,-0.000859910229501
2024-04-23,-5.55535245761e-06
2024-04-24,-0.000781278403226
2024-04-25,0.000213941451183
2024-04-26,-4.64743677542e-06
2024-04-29,0.000287853131339
2024-04-30,0.000289060262059
2024-05-01,-0.00105486146059
2024-05-02,7.53900807196e-05
2024-05-03,5.39028563957e-05
2024-05-06,0.000140016537977
2024-05-07,-2.32991027209e-05
2024-05-08,-0.000723772998089
2024-05-09,-0.00191205651244
2024-05-10,-0.000687337808342
2024-05-13,0.000514267337447
2024-05-14,-0.00025871697498
2024-05-15,0.000953260752014
2024-05-16,-0.00148598769622
2024-05-17,-0.000566841223042
2024-05-20,0.00150599647839
2024-05-21,0.000256891906801
2024-05-22,0.000995530540202
2024-05-23,0.000130507712533
2024-05-24,-0.000770971258506
2024-05-28,-0.000697106048161
2024-05-29,0.00086399542074
2024-05-30,0.000516130000478
2024-05-31,-0.00114372672286
2024-06-03,-0.00312605809592
2024-06-04,-0.00364087935571
2024-06-05,-0.000790774195688
2024-06-06,9.50620025217e-05
2024-06-07,-0.000116863197255
2024-06-10,-0.00213816091843
2024-06-11,0.00445951529122
2024-06-12,0.00295897966974
2024-06-13,-0.000455700707335
2024-06-14,0.000191910590769
2024-06-17,0.000451971600878
2024-06-18,-0.00147638778968
2024-06-20,-0.00184454570406
2024-06-21,-0.000937107582583
2024-06-24,0.00172161672171
2024-06-25,-0.000169162690481
2024-06-26,-0.00104168906732
2024-06-27,0.000912988870601
2024-06-28,0.000462302916192
2024-07-01,-0.000216203228528
2024-07-02,0.000181700939349
2024-07-03,0.000411845140072
2024-07-05,-0.000479375277727
2024-07-08,0.00165445994727
2024-07-09,-2.93944276556e-05
2024-07-10,0.000949159037689
2024-07-11,-0.00210576185614
2024-07-12,-0.00091986091601
2024-07-15,0.000352659686818
2024-07-16,0.00119511493151
2024-07-17,0.000238983405555
2024-07-18,-0.00116011196879
2024-07-19,-5.16670578314e-05
2024-07-22,-0.000248318305045
2024-07-23,-0.000465851271198
2024-07-24,6.28739786546e-06
2024-07-25,-0.00313223592672
2024-07-26,-9.60176181051e-05
2024-07-29,0.0031849704346
2024-07-30,-0.000259449144728
2024-07-31,-0.0029354776953
2024-08-01,-7.57674471386e-06
2024-08-02,-0.00280748258346
2024-08-05,-0.000176355376421
2024-08-06,-0.000825332979362
2024-08-07,-0.00209967769856
2024-08-08,-0.00198995180138
2024-08-09,-0.00109632431965
2024-08-12,0.000930112793499
2024-08-13,-0.00592883393288
2024-08-14,-0.000306616204807
2024-08-15,0.00106729825978
2024-08-16,9.76247545847e-06
2024-08-19,-0.00273101920062
2024-08-20,-0.000170507382596
2024-08-21,-0.00106239229016
2024-08-22,0.000195042292241
2024-08-23,-0.000628853148466
2024-08-26,-0.000612213363356
2024-08-27,-0.000468083081204
2024-08-28,-0.00064328631231
2024-08-29,-8.71066020749e-05
2024-08-30,-0.000109481622889
2024-09-03,-0.000568615772903
2024-09-04,0.000558557848845
2024-09-05,0.00166221870461
2024-09-06,0.00273030106207
2024-09-09,-0.00061322167336
2024-09-10,0.00487495561993
2024-09-11,0.00143713203978
2024-09-12,-0.000267794027427
2024-09-13,-0.00110193503687
2024-09-16,-0.0028554733607
2024-09-17,-0.00280151980527
2024-09-18,-0.000486868368185
2024-09-19,0.00144127151218
2024-09-20,-0.000684924103178
2024-09-23,0.00174322296772
2024-09-24,-0.000510938123066
2024-09-25,-0.0034898696015
2024-09-26,-0.00140643160534
2024-09-27,-5.35663459162e-05
2024-09-30,4.15227451763e-05
2024-10-01,-0.000269917245563
2024-10-02,0.000303333422419
2024-10-03,-0.000386981470734
2024-10-04,0.00311651941322
2024-10-07,0.000888261132782
2024-10-08,-0.00234874959153
2024-10-09,-0.00111678710882
2024-10-10,0.00147834653598
2024-10-11,-0.000515514329607
2024-10-14,0.000513074861883
2024-10-15,-0.00056465914428
2024-10-16,-8.74176813437e-05
2024-10-17,-0.000240529944175
2024-10-18,2.75113705103e-05
2024-10-21,-0.00060103759154
2024-10-22,0.000129179462548
2024-10-23,0.000503389043409
2024-10-24,-0.00090774153967
2024-10-25,0.000580781586835
2024-10-28,-0.000731659784782
2024-10-29,-0.000650109273766
2024-10-30,0.000143112964322
2024-10-31,0.0012114399106
2024-11-01,-0.000384159585744
2024-11-04,0.00115739649603
2024-11-05,-0.000534496557376
2024-11-06,0.00592609715235
2024-11-07,-0.00406232278155
2024-11-08,-0.00344966181991
2024-11-11,-0.000319873396175
2024-11-12,0.000844293012741
2024-11-13,0.000795684450733
2024-11-14,0.002263680151
2024-11-15,0.00119247579599
2024-11-18,0.00180728193436
2024-11-19,-0.00240107119406
2024-11-20,0.000441154413141
2024-11-21,0.000161164328781
2024-11-22,-0.00121840792537
2024-11-25,-0.00335692360961
2024-11-26,0.00218502918302
2024-11-27,-0.00135089268335
2024-11-29,-2.24691889481e-05
2024-12-02,-0.000339718637244
2024-12-03,0.00101484098248
2024-12-04,0.00220151424207
2024-12-05,0.000328497380549
2024-12-06,0.0029138809843
2024-12-09,0.0015734612452
2024-12-10,-0.00119473929609
2024-12-11,0.000730338133213
2024-12-12,0.000605904204793
2024-12-13,0.000278692118661
2024-12-16,0.000909995509781
2024-12-17,0.00096406161023
2024-12-18,-4.13905747465e-05
2024-12-19,0.000899424753055
2024-12-20,-0.00031644997582
2024-12-23,-0.000572161276387
2024-12-24,-0.00108819123584
2024-12-26,-0.000716465660075
2024-12-27,0.000292753865684
2024-12-30,8.24782674592e-05
2024-12-31,0.00123655981234
2025-01-02,0.00167179953698
2025-01-03,0.000359188761919
2025-01-06,0.000450034253147
2025-01-07,0.00131990593946
2025-01-08,-0.000180179039404
2025-01-10,-0.00039428430042
2025-01-13,0.00307851347706
2025-01-14,0.00031658818337
2025-01-15,0.00220873272081
2025-01-16,-0.000752785494255
2025-01-17,0.00123430467084
2025-01-21,-0.00187554932583
2025-01-22,-0.00165195913079
2025-01-23,-0.000552564474731
2025-01-24,0.000209607954831
2025-01-27,0.000604070903799
2025-01-28,0.00157673611105
2025-01-29,0.00368096370305
2025-01-30,0.000483183421709
2025-01-31,0.00146958808336
2025-02-03,0.000856048648808
2025-02-04,-0.00131493494593
2025-02-05,0.00105186978858
2025-02-06,-0.000675413388031
2025-02-07,-0.000398228477134
2025-02-10,0.00077145737936
2025-02-11,0.000415284362414
2025-02-12,-2.76973343122e-05
2025-02-13,0.000326248417923
2025-02-14,0.000214433587983
2025-02-18,-0.00135052541333
2025-02-19,-0.000253832224257
2025-02-20,0.00134008877156
2025-02-21,0.00271604587729
2025-02-24,0.000612673448246
2025-02-25,-0.000349317982687
2025-02-26,0.000423739218552
2025-02-27,-0.00318809027659
2025-02-28,-0.000532374383353
2025-03-03,0.00626845430023
2025-03-04,-0.000734726745739
2025-03-05,0.00189932994812
2025-03-06,-2.27738977574e-05
2025-03-07,-0.000396704219394
2025-03-10,-0.00113483878728
2025-03-11,0.000644778327133
2025-03-12,0.00199326048027
2025-03-13,0.00177331748005
2025-03-14,0.000921232177052
2025-03-17,-0.000136236414696
2025-03-18,0.0013906084304
2025-03-19,0.000913606663433
2025-03-20,0.00108312826089
2025-03-21,-0.000171388022079
2025-03-24,-0.000854401132739
2025-03-25,0.0026865253711
2025-03-26,0.00136151604918
2025-03-27,0.000176114575485
2025-03-28,0.000138352058048
2025-03-31,0.00107398888602
2025-04-01,0.000954993457904
2025-04-02,3.85602937674e-05
2025-04-03,-0.00148203843698
2025-04-04,0.000502050214049
2025-04-07,0.00243675493818
2025-04-08,0.00239220564465
2025-04-09,0.00163449714834
2025-04-10,0.00215798195986
2025-04-11,-0.000734638775699
2025-04-14,-0.00198192570631
2025-04-15,-0.000103154956501
2025-04-16,0.000868002368406
2025-04-17,-0.00137412569502
2025-04-21,-0.00171933632784
2025-04-22,0.00062149212256
2025-04-23,-0.000419821311374
2025-04-24,-0.00051574339878
2025-04-25,0.00128480472603
2025-04-28,-2.20510907645e-05
2025-04-29,0.00150028789648
2025-04-30,-0.000885199997687
2025-05-01,0.0019562879548
2025-05-02,0.000417768006361
2025-05-05,-0.000140022738298
2025-05-06,0.00146216341524
2025-05-07,0.00028730452001
2025-05-08,-4.55858001447e-05
2025-05-09,0.000539372914607
2025-05-12,-0.000661188110935
2025-05-13,0.000702703162481
2025-05-14,-0.000149558252129
2025-05-15,0.012151972998
2025-05-16,-0.00629997077514
2025-05-19,-0.00664347963884
2025-05-20,-0.00170458569356
2025-05-21,0.00362864283378
2025-05-22,0.000156276276225
2025-05-23,-0.00112075364349
2025-05-27,-0.000231742573409
2025-05-28,0.00102318159115
2025-05-29,0.00124145994118
2025-05-30,0.000209763441848
2025-06-02,-0.000356001767962
2025-06-03,-0.000631613657046
2025-06-04,0.000472995180834
2025-06-05,-0.00026937208593
2025-06-06,-0.00125597837988
2025-06-09,-0.000249343531185
2025-06-10,0.00119945930818
2025-06-11,4.57815715138e-05
2025-06-12,-0.00118475189199
2025-06-13,-0.000471098255914
2025-06-16,0.00145246871806
2025-06-17,0.000355016586067
2025-06-18,0.00101928747696
2025-06-20,-5.36399715605e-05
2025-06-23,-0.000303499061659
2025-06-24,-0.0019509598862
2025-06-25,-0.000470734135469
2025-06-26,-0.00083362505925
2025-06-27,0.000235123733695
2025-06-30,0.000520399466277
2025-07-01,-0.00117038415117
2025-07-02,-0.000679182358347
2025-07-03,-0.000512144798901
2025-07-07,0.000578977752641
2025-07-08,-0.00118548643341
2025-07-09,0.00196616049078
2025-07-10,0.00194766306974
2025-07-11,7.53442104391e-05
2025-07-14,-0.00114028802341
2025-07-15,-0.00073945447578
2025-07-16,-0.00021206566334
2025-07-17,0.00111346855893
2025-07-18,0.000362033382719
2025-07-21,-1.85577430667e-06
2025-07-22,-0.00141664717049
2025-07-23,-0.000588164418896
2025-07-24,0.00201133974221
2025-07-25,-0.000199428934177
2025-07-28,-0.000458603690962
2025-07-29,0.000499346347523
2025-07-30,-0.00115809078531
2025-07-31,0.00239672980063
2025-08-01,0.00173892869309
2025-08-04,0.000330748179646
2025-08-05,-0.00296913573407
2025-08-06,0.00339826742614
2025-08-07,0.000387829577434
2025-08-08,-0.00115486141765
2025-08-11,0.00038312506081
2025-08-12,0.000321182827745
2025-08-13,-0.000522060253001
2025-08-14,0.000221560706738
2025-08-15,0.0016770860272
2025-08-18,0.00145601790129
2025-08-19,-0.00310364476809
2025-08-20,-0.00194269659519
2025-08-21,0.00240823962217
2025-08-22,2.00705655853e-05
2025-08-25,-0.000537246739967
2025-08-26,-0.000685324945369
2025-08-27,0.000461550551055
2025-08-28,0.000124618084622
2025-08-29,0.000645526902258
2025-09-02,0.00145724351598
2025-09-03,-0.00254801457265
2025-09-04,0.000789900587986
2025-09-05,-0.00037573482897
2025-09-08,0.00129269622706
2025-09-09,0.00146342238644
2025-09-10,0.000936081429125
2025-09-11,-0.000828970253871
2025-09-12,-5.18059935575e-05
2025-09-15,0.00105914471312
2025-09-16,-0.000369142514481
2025-09-17,-0.000719394676163
2025-09-18,2.67131100709e-05
2025-09-19,-0.000828966862765
2025-09-22,-0.00144836809616
2025-09-23,-0.000688025560516
2025-09-24,-0.000200879203361
2025-09-25,0.00162160800224
2025-09-26,0.000388726683992
2025-09-29,-0.000157446385894
2025-09-30,-0.00146394791724
2025-10-01,-0.000458520261534
2025-10-02,0.000865532166598
2025-10-03,-0.000429904167065
2025-10-06,1.94984813251e-06
2025-10-07,-0.000117536490265
2025-10-08,-6.94608091358e-05
2025-10-09,-0.000496059662853
2025-10-10,-0.00157754280287
2025-10-13,0.00106887017515
2025-10-14,-0.00152504575305
2025-10-15,0.000245904262489
2025-10-16,-0.000167727190788
2025-10-17,-5.96706986378e-06
2025-10-20,-0.0014686288038
2025-10-21,-0.000236210453778
2025-10-22,-0.000833454422345
2025-10-23,-0.000567742085832
2025-10-24,0.000330129919355
2025-10-27,0.000343148901999
2025-10-28,-0.000154158253494
2025-10-29,0.00298839444964
2025-10-30,0.00117036734919
2025-10-31,0.000422449725099
2025-11-03,0.000430542315057
2025-11-04,-8.70887274835e-05
2025-11-05,0.0001250473517
2025-11-06,-0.000421604857572
2025-11-07,0.000351905877073
2025-11-10,-5.17390515267e-05
2025-11-11,0.000566243254214
2025-11-12,0.000132215047641
2025-11-13,0.0024222070393
2025-11-14,-0.00176697886305
2025-11-17,-0.000105596737377
2025-11-18,0.00229152690471
2025-11-19,-0.000616557967725
2025-11-20,-0.00235078062138
2025-11-21,0.000719723387987
2025-11-24,-0.000420987300976
2025-11-25,0.00330385654513
2025-11-26,-0.000212883673532
2025-11-28,-0.000215607726395
2025-12-01,-0.0015327183679
2025-12-02,0.001944677043
2025-12-03,-0.00114891155616
2025-12-04,-0.000442328692367
2025-12-05,-0.00058086792489
2025-12-08,0.000118428268664
2025-12-09,0.00144066156503
2025-12-10,-0.000964047968234
2025-12-11,-0.00441418988161
2025-12-12,-0.00250697683018
2025-12-15,0.00188182736031
2025-12-16,-0.00314820909438
2025-12-17,0.00307855769894
2025-12-18,0.00092767174716
2025-12-19,-0.00407361150043
2025-12-22,-0.00262359801615
2025-12-23,-0.000182567755899
2025-12-24,-0.000920020186597
2025-12-26,-0.000496973746726
2025-12-29,0.000273396634958
2025-12-30,0.00078396592664
2025-12-31,8.92678733152e-05
