contrast,method,block_or_lags,interval_type,confidence_level,annualised_mean,annualised_lower,annualised_upper,annualised_standard_error
baseline_net_mean,stationary bootstrap,5,pointwise,0.95,-0.0554830566598,-0.103196160638,-0.00773755749691,0.0246715139635
baseline_net_mean,stationary bootstrap,5,bonferroni,0.983333333333,-0.0554830566598,-0.113944005292,0.00372840696279,0.0246715139635
graph_net_mean,stationary bootstrap,5,pointwise,0.95,-0.0481454099491,-0.0857007864918,-0.0108175071478,0.0193160852763
graph_net_mean,stationary bootstrap,5,bonferroni,0.983333333333,-0.0481454099491,-0.0946003207149,-0.00301438663863,0.0193160852763
graph_minus_baseline_mean,stationary bootstrap,5,pointwise,0.95,0.00733764671074,-0.0169337946098,0.0311814904644,0.0123171150943
graph_minus_baseline_mean,stationary bootstrap,5,bonferroni,0.983333333333,0.00733764671074,-0.0221468403432,0.0364995630186,0.0123171150943
baseline_net_mean,stationary bootstrap,10,pointwise,0.95,-0.0554830566598,-0.102138866789,-0.00798388878218,0.0238188143446
baseline_net_mean,stationary bootstrap,10,bonferroni,0.983333333333,-0.0554830566598,-0.112351780171,0.00324290768721,0.0238188143446
graph_net_mean,stationary bootstrap,10,pointwise,0.95,-0.0481454099491,-0.0843652987496,-0.0107570498899,0.0186578869495
graph_net_mean,stationary bootstrap,10,bonferroni,0.983333333333,-0.0481454099491,-0.093240980672,-0.00144661284435,0.0186578869495
graph_minus_baseline_mean,stationary bootstrap,10,pointwise,0.95,0.00733764671074,-0.0166074108827,0.0324508699687,0.0124940667284
graph_minus_baseline_mean,stationary bootstrap,10,bonferroni,0.983333333333,0.00733764671074,-0.0213804717951,0.0385110969042,0.0124940667284
baseline_net_mean,stationary bootstrap,20,pointwise,0.95,-0.0554830566598,-0.097303278147,-0.0121623866862,0.0217246917379
baseline_net_mean,stationary bootstrap,20,bonferroni,0.983333333333,-0.0554830566598,-0.106786218451,-0.00196810773076,0.0217246917379
graph_net_mean,stationary bootstrap,20,pointwise,0.95,-0.0481454099491,-0.0811403618935,-0.0138477636287,0.0172176553784
graph_net_mean,stationary bootstrap,20,bonferroni,0.983333333333,-0.0481454099491,-0.088448827045,-0.00633934971552,0.0172176553784
graph_minus_baseline_mean,stationary bootstrap,20,pointwise,0.95,0.00733764671074,-0.0170292601878,0.0325674408017,0.0126261162375
graph_minus_baseline_mean,stationary bootstrap,20,bonferroni,0.983333333333,0.00733764671074,-0.0222967328712,0.0388187121546,0.0126261162375
baseline_net_mean,Newey-West HAC,10,pointwise,0.95,-0.0554830566598,-0.10469329558,-0.0062728177397,0.0251077261155
baseline_net_mean,Newey-West HAC,10,bonferroni,0.983333333333,-0.0554830566598,-0.1155904458,0.00462433248012,0.0251077261155
graph_net_mean,Newey-West HAC,10,pointwise,0.95,-0.0481454099491,-0.0862482625335,-0.0100425573647,0.0194405881358
graph_net_mean,Newey-West HAC,10,bonferroni,0.983333333333,-0.0481454099491,-0.0946857852427,-0.00160503465548,0.0194405881358
graph_minus_baseline_mean,Newey-West HAC,10,pointwise,0.95,0.00733764671074,-0.0170401284344,0.0317154218558,0.0124378689289
graph_minus_baseline_mean,Newey-West HAC,10,bonferroni,0.983333333333,0.00733764671074,-0.0224383602579,0.0371136536793,0.0124378689289
