date,baseline,graph,difference
2020-01-02,-0.000211943832614,-0.0002474138264,-3.54699937856e-05
2020-01-03,0.000547598228985,0.00086807818316,0.000320479954175
2020-01-06,-0.00134409090177,-0.000952999748837,0.000391091152929
2020-01-07,-0.000423407386218,-0.000917055959141,-0.000493648572924
2020-01-08,-0.000106822393174,-0.000275376992034,-0.000168554598861
2020-01-09,-0.00242694423362,-0.00387533459482,-0.0014483903612
2020-01-10,-0.000592553562923,-0.000784512424923,-0.000191958862
2020-01-13,-0.00218824968584,-0.00101110494895,0.00117714473689
2020-01-14,-0.00166175176108,-0.00242028342337,-0.000758531662294
2020-01-15,-0.00508710144585,-0.00383357857696,0.00125352286889
2020-01-16,-0.000185926695899,0.000394786335586,0.000580713031485
2020-01-17,-0.00167692209025,-0.000915209103504,0.000761712986747
2020-01-21,-0.00227137210343,-0.000888430472406,0.00138294163103
2020-01-22,-0.00220721191095,-0.00136228225996,0.000844929650996
2020-01-23,-0.00108504499855,-0.0016604584676,-0.000575413469054
2020-01-24,-0.0013888425207,-0.00163885347917,-0.000250010958469
2020-01-27,3.96823309294e-05,-0.00011270408436,-0.00015238641529
2020-01-28,-0.00233355964433,-0.000347942347052,0.00198561729728
2020-01-29,-0.000706081710664,-4.15381382043e-05,0.00066454357246
2020-01-30,-0.00296283888732,-0.00349544191193,-0.000532603024616
2020-01-31,0.00565192111321,0.00502126798746,-0.000630653125752
2020-02-03,-0.000147320306301,-0.00039188961926,-0.000244569312958
2020-02-04,-0.00192021111264,-0.00103621402251,0.000883997090139
2020-02-05,0.00445881587071,0.00248095386691,-0.0019778620038
2020-02-06,-0.00345064606431,-0.0030042139437,0.000446432120612
2020-02-07,-0.000209513652991,-0.00128484455619,-0.0010753309032
2020-02-10,-0.00172984381559,-0.00275282960574,-0.00102298579015
2020-02-11,0.00386080441641,0.00271327031483,-0.00114753410158
2020-02-12,-0.00139429427738,-0.000364883343381,0.001029410934
2020-02-13,-0.00104201565773,-0.00100826839445,3.37472632795e-05
2020-02-14,-0.000594769809544,-0.000362001069585,0.000232768739959
2020-02-18,-0.00218597208818,-0.00145250724776,0.000733464840418
2020-02-19,-0.000837675502015,-0.000711721655008,0.000125953847006
2020-02-20,0.000146691237029,0.000634177244824,0.000487486007795
2020-02-21,0.00118269533275,0.00143823872277,0.000255543390016
2020-02-24,-8.28709005298e-05,0.00113137852274,0.00121424942327
2020-02-25,0.000156939300917,0.0023440390819,0.00218709978098
2020-02-26,0.00552945292405,0.0054722371129,-5.7215811156e-05
2020-02-27,0.00192494730913,0.000749659918794,-0.00117528739033
2020-02-28,0.00652366594172,0.0055308457668,-0.000992820174921
2020-03-02,-0.00302546067266,-0.00206000124628,0.000965459426388
2020-03-03,0.00157461030752,0.00154422462326,-3.03856842616e-05
2020-03-04,-0.00990153302859,-0.00633118559542,0.00357034743317
2020-03-05,-0.00725689336558,-0.00599621290149,0.00126068046409
2020-03-06,-0.0122761443773,-0.00803828270979,0.00423786166748
2020-03-09,-0.0226766706634,-0.0166393026671,0.00603736799632
2020-03-10,0.0071682466707,0.00842888495698,0.00126063828628
2020-03-11,-0.00787747000168,-0.00826766663711,-0.000390196635434
2020-03-12,-0.0065178652894,-0.00491725375474,0.00160061153467
2020-03-13,-0.0031140987134,0.00443932086638,0.00755341957978
2020-03-16,0.00568636267274,0.00672874348432,0.00104238081159
2020-03-17,-0.0184971760988,-0.0184527590521,4.44170466084e-05
2020-03-18,-0.0189160123088,-0.0175582004015,0.00135781190738
2020-03-19,0.0199368954526,0.01877011519,-0.00116678026258
2020-03-20,0.00654677201611,0.00392488299773,-0.00262188901838
2020-03-23,-0.00607498144959,-0.00332162546477,0.00275335598482
2020-03-24,0.0127126693834,0.0123900918532,-0.000322577530247
2020-03-25,0.0189764295073,0.0159154951025,-0.00306093440477
2020-03-26,0.00712193396645,0.00591526084239,-0.00120667312406
2020-03-27,0.00397164128511,-0.00101473967187,-0.00498638095698
2020-03-30,-0.00888097173054,-0.00976713204212,-0.00088616031158
2020-03-31,0.00654795223491,0.00725685256278,0.000708900327869
2020-04-01,0.00794214164715,0.00384778980149,-0.00409435184566
2020-04-02,-0.00424314753766,-0.00577979911285,-0.00153665157519
2020-04-03,-0.00156178175148,-0.00217701063067,-0.000615228879192
2020-04-06,0.0115665316057,0.010554077169,-0.00101245443678
2020-04-07,0.00256295953536,0.00384676031156,0.0012838007762
2020-04-08,0.000137160625741,0.00211097312172,0.00197381249598
2020-04-09,0.0122104502188,0.0120734532269,-0.000136996991829
2020-04-13,0.00415068503748,0.0058326502734,0.00168196523592
2020-04-14,0.00320796108873,0.0060311750894,0.00282321400067
2020-04-15,-0.00140502748223,-0.000445398489196,0.000959628993033
2020-04-16,-0.00591196859594,-0.00360031601483,0.00231165258111
2020-04-17,0.0165145344567,0.0131161468442,-0.0033983876125
2020-04-20,-0.00131244652725,-0.00120638052719,0.000106066000062
2020-04-21,-0.00110305067931,-0.00173884951305,-0.000635798833742
2020-04-22,-0.00578403703982,-0.00755106545564,-0.00176702841582
2020-04-23,-0.00445261187421,-0.00375584475027,0.000696767123944
2020-04-24,0.00423199554389,0.00253706430193,-0.00169493124196
2020-04-27,0.00239609663927,0.00290154018049,0.000505443541211
2020-04-28,0.0022799040323,0.00220890193799,-7.10020943162e-05
2020-04-29,-0.00363170797486,-0.00194850068292,0.00168320729193
2020-04-30,0.00127755015069,0.000210458652463,-0.00106709149822
2020-05-01,0.00639887032372,0.00189909295504,-0.00449977736868
2020-05-04,-0.00392363854,-0.00373977727449,0.000183861265506
2020-05-05,-0.000572734177305,-0.000956362231959,-0.000383628054654
2020-05-06,-0.00331245666527,-0.004178302519,-0.00086584585373
2020-05-07,0.00104313800325,0.00222391092831,0.00118077292506
2020-05-08,0.00259485527557,0.00146043241147,-0.0011344228641
2020-05-11,-0.00502214543628,-0.00424774238875,0.000774403047526
2020-05-12,-0.0022041069737,-0.00198456049177,0.000219546481927
2020-05-13,-0.00430058372364,-0.00409223466868,0.00020834905496
2020-05-14,0.00581942840039,0.00732727685564,0.00150784845526
2020-05-15,-0.00728859193347,-0.00720201514005,8.65767934188e-05
2020-05-18,0.00535803751493,0.0023260445875,-0.00303199292743
2020-05-19,0.00087864163969,0.00158947773537,0.000710836095678
2020-05-20,0.00361974761473,0.00329471964858,-0.00032502796615
2020-05-21,-0.00248485100508,-0.00269483144406,-0.000209980438984
2020-05-22,0.000637613812197,6.00659248999e-05,-0.000577547887297
2020-05-26,0.00135968936966,0.0020708933134,0.000711203943736
2020-05-27,-0.000492749852385,-0.00099719577413,-0.000504445921744
2020-05-28,0.0012710701458,0.00196476445321,0.000693694307406
2020-05-29,0.00636094166142,0.00540931817072,-0.0009516234907
2020-06-01,-3.57069032799e-05,-0.000222029316081,-0.000186322412801
2020-06-02,-0.00108991846259,-0.00103367566754,5.62427950564e-05
2020-06-03,-0.00501545257754,-0.00456019046777,0.000455262109772
2020-06-04,-0.00022908193359,-0.000361504991146,-0.000132423057556
2020-06-05,-0.00295960457709,-0.00288631520265,7.32893744395e-05
2020-06-08,-0.00246933672449,-0.000494053985264,0.00197528273922
2020-06-09,0.00253951109043,-0.00148084258244,-0.00402035367287
2020-06-10,0.0108078179471,0.00907915784729,-0.00172866009984
2020-06-11,0.00421751550353,0.00145826025643,-0.0027592552471
2020-06-12,0.00151489798104,0.00191979806557,0.000404900084532
2020-06-15,-0.00199008412652,-0.00119001960069,0.000800064525833
2020-06-16,-0.00107914521886,-0.00108955029778,-1.04050789107e-05
2020-06-17,-0.00176306486432,-0.00188937641282,-0.000126311548493
2020-06-18,-0.0030563574959,-0.00377401204425,-0.000717654548358
2020-06-19,0.00150335967626,0.00247742542935,0.000974065753096
2020-06-22,-0.00426774983622,-0.00383621798631,0.000431531849912
2020-06-23,-0.0019468088353,-0.0012666208302,0.000680188005106
2020-06-24,-0.000584649964296,0.00032851531238,0.000913165276676
2020-06-25,0.00100766681054,0.000529015495569,-0.000478651314975
2020-06-26,-0.00143394430064,-0.000980681272953,0.000453263027688
2020-06-29,0.00177725240758,0.00210114624615,0.000323893838573
2020-06-30,-0.00141005732103,-0.00124306136787,0.000166995953159
2020-07-01,-0.00396301261321,-0.00179921852339,0.00216379408982
2020-07-02,-0.00150930274917,-0.00147325533778,3.60474113893e-05
2020-07-06,-0.00148454772598,-0.00115009879225,0.000334448933726
2020-07-07,0.00223457884368,0.00199149043458,-0.000243088409105
2020-07-08,-0.00398773211754,-0.00380658352367,0.000181148593866
2020-07-09,-0.00531618423266,-0.00204223028738,0.00327395394528
2020-07-10,0.00323602629402,0.0010350641461,-0.00220096214791
2020-07-13,0.00693667861754,0.00578778449082,-0.00114889412672
2020-07-14,0.0010345472071,0.000849986300733,-0.000184560906363
2020-07-15,0.000925658449999,0.000692360107409,-0.000233298342589
2020-07-16,-0.00168177608751,-0.00169406830711,-1.22922195974e-05
2020-07-17,0.000257172719639,0.000148240803276,-0.000108931916363
2020-07-20,0.00516943782545,0.0045657831424,-0.00060365468305
2020-07-21,-0.00152651059836,-0.00198907685726,-0.000462566258899
2020-07-22,-0.00399548079725,-0.00248128784964,0.00151419294761
2020-07-23,-0.00176531502057,0.000120646718691,0.00188596173926
2020-07-24,-0.000206541373105,-0.000989595958095,-0.00078305458499
2020-07-27,0.00181801184292,0.00172606344061,-9.19484023094e-05
2020-07-28,-0.000690885204211,-0.00104904630461,-0.000358161100394
2020-07-29,0.00193798515347,0.00128780296726,-0.000650182186213
2020-07-30,-0.000250453473757,0.000499975412386,0.000750428886144
2020-07-31,0.00303699502921,0.00186991002536,-0.00116708500385
2020-08-03,-0.00353336934495,-0.00185023742034,0.00168313192461
2020-08-04,0.00235836469075,0.00120176348818,-0.00115660120257
2020-08-05,-7.99014853429e-05,-0.000286551014616,-0.000206649529273
2020-08-06,-0.00358348062337,-0.00331842932556,0.000265051297813
2020-08-07,0.00274665981002,0.00235693593416,-0.000389723875867
2020-08-10,-0.000294431364568,-0.000547356114701,-0.000252924750133
2020-08-11,0.00228993015062,0.00210997613324,-0.000179954017378
2020-08-12,-0.000124044653788,5.89085928375e-05,0.000182953246625
2020-08-13,-0.000221100918836,-0.000863683949858,-0.000642583031022
2020-08-14,3.47676231454e-05,-0.000228143202247,-0.000262910825393
2020-08-17,-0.00331512127875,-0.00299035387669,0.00032476740206
2020-08-18,0.00371736304319,0.00360682162321,-0.00011054141998
2020-08-19,-0.00386861710752,-0.00279432979801,0.00107428730952
2020-08-20,-0.00240562571672,-0.000717897174801,0.00168772854192
2020-08-21,-0.00144659229661,-0.00156015617106,-0.000113563874443
2020-08-24,0.000811341868973,-0.00018331640121,-0.000994658270183
2020-08-25,-0.000597834161695,0.000713151794269,0.00131098595596
2020-08-26,-0.00351025710378,-0.00232598828965,0.00118426881413
2020-08-27,0.00301269438058,0.00293383798914,-7.88563914338e-05
2020-08-28,0.00267218633976,0.00143919963018,-0.00123298670958
2020-08-31,-0.00152623693221,-0.000355081398906,0.00117115553331
2020-09-01,-0.00850697040904,-0.00691521107758,0.00159175933147
2020-09-02,-0.00368188390768,-0.00351981109732,0.000162072810358
2020-09-03,0.00365950355111,0.00215096145913,-0.00150854209198
2020-09-04,-0.000203055834062,-0.000487573989497,-0.000284518155436
2020-09-08,-0.00104859782895,-0.000941856037842,0.000106741791108
2020-09-09,0.00575365489096,0.00434307072282,-0.00141058416813
2020-09-10,-0.00634361579222,-0.00487687517277,0.00146674061946
2020-09-11,-0.00379516835424,-0.0036051420841,0.000190026270146
2020-09-14,-0.000738267831869,-0.00303391564506,-0.00229564781319
2020-09-15,-0.00141635800748,-0.00121954955366,0.000196808453813
2020-09-16,0.00259892787881,0.00106257190356,-0.00153635597525
2020-09-17,0.000627925806322,-0.000103453709597,-0.000731379515919
2020-09-18,-0.000486606202573,0.000616838087129,0.0011034442897
2020-09-21,0.00733115090488,0.00679224904256,-0.000538901862317
2020-09-22,0.00120921571078,0.000476511129408,-0.000732704581376
2020-09-23,0.00428655544808,0.00304761536193,-0.00123894008615
2020-09-24,-0.00262161516093,-0.00258875549619,3.28596647384e-05
2020-09-25,-0.00025953844222,0.000198561552827,0.000458099995047
2020-09-28,-0.000849329440353,0.000216952799092,0.00106628223944
2020-09-29,-0.00265898604167,-0.000939755525987,0.00171923051569
2020-09-30,-0.00103575113017,-0.000521408887255,0.000514342242913
2020-10-01,-0.0058218128931,-0.00327051809471,0.00255129479839
2020-10-02,0.00317206591001,0.00151459039723,-0.00165747551279
2020-10-05,0.000604454465245,0.000691936387541,8.74819222958e-05
2020-10-06,-0.00133227669668,-0.00110326594158,0.000229010755108
2020-10-07,-0.00338018241044,-0.00341615592994,-3.59735194916e-05
2020-10-08,0.00209918782978,0.00324087834993,0.00114169052015
2020-10-09,-0.000514409361471,-0.000999444341066,-0.000485034979595
2020-10-12,0.00500975177577,0.00234230081899,-0.00266745095678
2020-10-13,0.00238243148958,0.00257901613863,0.000196584649056
2020-10-14,0.00227809822798,0.00268423227584,0.000406134047855
2020-10-15,0.000317423881896,0.000440460015485,0.000123036133589
2020-10-16,0.00393246776353,0.00262818737338,-0.00130428039015
2020-10-19,0.000790107042282,0.000142823039494,-0.000647284002788
2020-10-20,-0.00026346260333,1.1203094918e-05,0.000274665698248
2020-10-21,0.00161737597223,0.00163262347651,1.52475042832e-05
2020-10-22,-3.22633002441e-05,-0.00115108545661,-0.00111882215637
2020-10-23,-0.000143881370789,-2.39583139419e-05,0.000119923056847
2020-10-26,-0.00416194269858,-0.00332305922389,0.000838883474693
2020-10-27,0.00106841048516,0.000129640285148,-0.000938770200007
2020-10-28,-0.00051971370355,-0.000716183446174,-0.000196469742624
2020-10-29,-0.000887237769206,-0.000810016237289,7.72215319164e-05
2020-10-30,0.00324235656253,0.00306685351226,-0.000175503050267
2020-11-02,0.00163680779022,0.0008500899725,-0.000786717817723
2020-11-03,-0.00101500159857,-0.0011204973638,-0.000105495765232
2020-11-04,0.00398685554716,0.00188084274541,-0.00210601280175
2020-11-05,-0.00596109655872,-0.00520588911365,0.000755207445067
2020-11-06,0.00194237586644,0.00159235845865,-0.000350017407789
2020-11-09,0.00711052469661,0.00790257731681,0.000792052620199
2020-11-10,0.00369205037372,0.00316447892155,-0.000527571452166
2020-11-11,0.00430996886431,-0.0006686512093,-0.00497862007361
2020-11-12,0.000968950180549,-0.00184556966706,-0.00281451984761
2020-11-13,-0.00296026862153,-0.000772043826296,0.00218822479524
2020-11-16,-0.00600527651892,-0.00652787616888,-0.000522599649963
2020-11-17,-0.0033185584837,-0.00168735577657,0.00163120270713
2020-11-18,-0.000269453361238,0.000369755899214,0.000639209260452
2020-11-19,-0.00548078294864,-0.00306232069652,0.00241846225212
2020-11-20,-0.00101146659837,-0.00194562067559,-0.000934154077222
2020-11-23,-0.0108371406825,-0.0119140532042,-0.00107691252168
2020-11-24,-0.00351954988955,-0.000674474027188,0.00284507586237
2020-11-25,0.000363143680463,1.32807870872e-05,-0.000349862893376
2020-11-27,0.00240930058714,0.00206816926107,-0.00034113132607
2020-11-30,0.00699003908009,0.00654834423074,-0.00044169484935
2020-12-01,0.00240575254124,0.00117486223608,-0.00123089030517
2020-12-02,-0.00181188184958,-0.00251015722494,-0.000698275375359
2020-12-03,0.00404914372304,0.00353565438071,-0.000513489342331
2020-12-04,0.00325704866283,0.00302169876792,-0.000235349894912
2020-12-07,-0.00526600759845,-0.00579301464947,-0.00052700705102
2020-12-08,-0.00316856688552,-0.00194836216772,0.0012202047178
2020-12-09,-0.000173162191279,0.00118415692756,0.00135731911884
2020-12-10,-0.00147771223516,-0.00161632802388,-0.000138615788719
2020-12-11,0.000851794631316,-0.00135078910328,-0.0022025837346
2020-12-14,0.00833648000441,0.00542426899516,-0.00291221100925
2020-12-15,0.000565771608255,0.000133194010858,-0.000432577597398
2020-12-16,-0.00333282476122,-0.00277184320608,0.000560981555148
2020-12-17,-0.00111491915212,-0.00225291916732,-0.0011380000152
2020-12-18,-0.00352479420351,-0.00379735394661,-0.000272559743099
2020-12-21,-0.000604105772256,-0.00165149493499,-0.00104738916273
2020-12-22,-0.00434807645689,-0.00361885103793,0.000729225418967
2020-12-23,0.000852290933147,0.00020054485245,-0.000651746080697
2020-12-24,-0.00125155455221,-0.0009146762927,0.000336878259506
2020-12-28,-0.000901544293469,-0.00125769073855,-0.000356146445079
2020-12-29,0.000567563495022,4.71497534082e-05,-0.000520413741614
2020-12-30,0.00358089476161,0.00344988278925,-0.000131011972358
2020-12-31,-0.00344178813502,-0.0028628279141,0.000578960220922
2021-01-04,0.00212021561282,0.00303686942186,0.000916653809043
2021-01-05,0.00565940145045,0.00384140615304,-0.00181799529741
2021-01-06,-0.00783369232401,-0.00693706284803,0.000896629475976
2021-01-07,-0.00293031612256,-0.0018400762277,0.00109023989486
2021-01-08,0.00435989647485,0.00325191433326,-0.00110798214159
2021-01-11,-0.00724653209048,-0.00438152534692,0.00286500674356
2021-01-12,-0.00896026842387,-0.00491601537814,0.00404425304572
2021-01-13,0.00305931236622,0.00185132045324,-0.00120799191299
2021-01-14,-0.00844823076304,-0.00490422683843,0.00354400392461
2021-01-15,0.00696709653407,0.0014341393971,-0.00553295713697
2021-01-19,-0.00063092663423,-0.000714754583684,-8.38279494541e-05
2021-01-20,0.00726154101304,0.00182470243327,-0.00543683857977
2021-01-21,0.0038629402195,0.000206533465264,-0.00365640675424
2021-01-22,0.000781975278896,0.000577038426572,-0.000204936852324
2021-01-25,-0.00580840364204,-0.00301309535374,0.0027953082883
2021-01-26,-0.0042781346868,-0.00118941897976,0.00308871570704
2021-01-27,-0.00223291256766,-0.000150164199014,0.00208274836865
2021-01-28,0.00487418636843,0.00207878753912,-0.00279539882931
2021-01-29,0.00287469368744,0.00269174137719,-0.000182952310247
2021-02-01,-0.000446752517906,-0.000965316961117,-0.000518564443211
2021-02-02,0.0057013500955,0.00365855936639,-0.00204279072911
2021-02-03,0.000119871540569,0.000882905689976,0.000763034149406
2021-02-04,-0.000582969605781,0.00224472488702,0.00282769449281
2021-02-05,0.000135896345396,0.000906872338944,0.000770975993548
2021-02-08,-0.00388239970232,0.000247771102975,0.0041301708053
2021-02-09,0.00102698289292,0.00108894302284,6.19601299141e-05
2021-02-10,-0.000189803770146,0.000698526268035,0.000888330038181
2021-02-11,0.00158091455773,0.00125429932112,-0.00032661523661
2021-02-12,-0.00252272075344,-0.00127983199652,0.00124288875692
2021-02-16,-0.00238726950138,0.000632150897093,0.00301942039847
2021-02-17,-0.00142822277645,4.78341207231e-05,0.00147605689718
2021-02-18,0.00183551497811,0.00131451205051,-0.000521002927596
2021-02-19,-0.00683579119,-0.00304388127509,0.00379190991491
2021-02-22,0.000405046528975,0.00540532517165,0.00500027864268
2021-02-23,-0.00161008512349,0.00129522550445,0.00290531062794
2021-02-24,-0.00939703307364,-0.00160405585179,0.00779297722185
2021-02-25,-0.00287399595623,-0.00207633327505,0.000797662681179
2021-02-26,0.0071033951079,0.00232471985774,-0.00477867525015
2021-03-01,-0.00230937356099,-0.00193435591034,0.000375017650651
2021-03-02,-0.00327042112457,0.000171641947357,0.00344206307193
2021-03-03,-0.00468553920578,0.00125375599883,0.00593929520462
2021-03-04,-0.000997159268938,0.00113998276907,0.00213714203801
2021-03-05,-0.00462873100707,-0.00382735163615,0.000801379370921
2021-03-08,-0.00289187295702,0.00126167393783,0.00415354689485
2021-03-09,0.00910224979314,0.00406771015241,-0.00503453964073
2021-03-10,-0.00253159298917,0.000458512329229,0.0029901053184
2021-03-11,0.00673731452474,0.0046121878094,-0.00212512671534
2021-03-12,0.000532949975608,0.000593426393335,6.04764177277e-05
2021-03-15,0.000972856478568,0.00199585751336,0.0010230010348
2021-03-16,-0.00115816168553,-0.000447459953963,0.00071070173157
2021-03-17,-0.000770671738484,-0.00284722167965,-0.00207654994117
2021-03-18,-0.00131024766853,-0.00357552884751,-0.00226528117898
2021-03-19,-0.000896864034677,0.00160755723647,0.00250442127114
2021-03-22,0.00313155589431,0.00453731287088,0.00140575697657
2021-03-23,0.00260324333876,0.00439674497651,0.00179350163776
2021-03-24,0.00474551484969,0.00229623971693,-0.00244927513277
2021-03-25,-0.00119858257999,-0.00251888653175,-0.00132030395176
2021-03-26,-0.00264012502912,-0.00343184986082,-0.000791724831702
2021-03-29,-0.00211922181718,-0.000976517813229,0.00114270400395
2021-03-30,0.00370136628408,0.00360525228794,-9.61139961366e-05
2021-03-31,-0.000196368262446,0.00117168537486,0.00136805363731
2021-04-01,-0.00129825843382,-0.000644026085174,0.000654232348648
2021-04-05,-0.00718147091512,-0.00253426565272,0.0046472052624
2021-04-06,-2.55925083728e-05,0.000703559992703,0.000729152501075
2021-04-07,-0.00081698981755,-0.00126997512513,-0.000452985307582
2021-04-08,-0.00519571868601,-0.00467477576412,0.000520942921894
2021-04-09,-0.00099431571156,-0.000867932409724,0.000126383301836
2021-04-12,-0.001115935604,-0.00183260320434,-0.000716667600334
2021-04-13,-0.00419871886353,-0.000393148022559,0.00380557084097
2021-04-14,0.00759880985155,0.00320293106495,-0.0043958787866
2021-04-15,-0.00884559283791,-0.00709081535094,0.00175477748697
2021-04-16,-0.0029609624471,-0.00342609679089,-0.000465134343785
2021-04-19,-0.000281418005076,-0.00025396991858,2.74480864967e-05
2021-04-20,0.000765624522572,0.00154755245547,0.000781927932898
2021-04-21,0.00103760130243,0.000724027670201,-0.000313573632229
2021-04-22,-0.000129536337567,-0.000347172287386,-0.000217635949819
2021-04-23,0.000228220439652,-0.00112351942437,-0.00135173986402
2021-04-26,0.00085478732838,0.000557752187605,-0.000297035140775
2021-04-27,0.0012158641115,0.000497428282481,-0.000718435829021
2021-04-28,0.000145543442225,0.000602784267079,0.000457240824854
2021-04-29,-0.00281335206864,-0.000116240066447,0.00269711200219
2021-04-30,0.00468019600318,0.000898432017562,-0.00378176398562
2021-05-03,-4.63254449601e-05,0.000531454061004,0.000577779505964
2021-05-04,-0.00510905366617,-0.00352542389266,0.00158362977351
2021-05-05,-0.00394731868357,-0.00255650391886,0.00139081476471
2021-05-06,0.000224554673885,-0.000341273713851,-0.000565828387737
2021-05-07,-0.00368497972042,-0.00346313875125,0.000221840969171
2021-05-10,-0.00118196382178,-0.000119393885689,0.00106256993609
2021-05-11,0.00398261083946,0.00216379752329,-0.00181881331617
2021-05-12,-0.00697691819948,-0.00417553552562,0.00280138267386
2021-05-13,0.00396906280909,0.00193182395992,-0.00203723884917
2021-05-14,-0.00257095656912,-0.00111755555986,0.00145340100926
2021-05-17,-0.00626426017406,-0.0031611567918,0.00310310338225
2021-05-18,0.0016199706923,-0.000217987046086,-0.00183795773838
2021-05-19,0.00334837512897,0.000340137697009,-0.00300823743196
2021-05-20,0.00227382103329,0.000626410434723,-0.00164741059857
2021-05-21,-0.000676525912114,-0.00177185410372,-0.00109532819161
2021-05-24,-0.000454994480173,-0.000245544328576,0.000209450151597
2021-05-25,-0.00114521638012,-0.000193930643892,0.000951285736232
2021-05-26,0.000388705455485,-0.00019513224757,-0.000583837703055
2021-05-27,-0.000881719770994,-0.000827683628746,5.40361422474e-05
2021-05-28,-0.000181182595129,-0.00133059249405,-0.00114940989892
2021-06-01,-0.000198227773162,0.00190433900263,0.00210256677579
2021-06-02,0.00471997796803,0.00635397788782,0.00163399991979
2021-06-03,-0.00131911031585,-0.000296355084125,0.00102275523173
2021-06-04,0.00078201190616,5.84816305298e-05,-0.00072353027563
2021-06-07,0.000846693361229,0.000844517921097,-2.17544013248e-06
2021-06-08,-0.00142416268156,-0.00137904239965,4.51202819137e-05
2021-06-09,0.00010484621102,-0.00118225852311,-0.00128710473413
2021-06-10,0.00231471860178,0.00074757102884,-0.00156714757294
2021-06-11,0.000417453421387,0.000365873239469,-5.15801819181e-05
2021-06-14,-0.00421956512468,-0.00304979153034,0.00116977359434
2021-06-15,-0.00114327511553,-0.00479299905123,-0.00364972393569
2021-06-16,-0.000911365933475,-0.00179164760176,-0.000880281668283
2021-06-17,-0.00773304679881,-0.00213844861063,0.00559459818818
2021-06-18,-0.00143758601282,-0.0010594738836,0.000378112129219
2021-06-21,0.00502509686745,0.00160418789334,-0.00342090897411
2021-06-22,-0.00113534095574,-0.00131132087987,-0.000175979924137
2021-06-23,0.00104661208795,0.000781749140789,-0.000264862947157
2021-06-24,0.00334548453043,0.00150071567594,-0.00184476885449
2021-06-25,0.00140299602201,0.0010680049399,-0.000334991082107
2021-06-28,0.00088658245333,-0.0017271540486,-0.00261373650193
2021-06-29,0.00349978952141,0.00231882425198,-0.00118096526943
2021-06-30,0.000714206141598,0.000962181404474,0.000247975262876
2021-07-01,0.00512726619392,0.00442659018411,-0.000700676009811
2021-07-02,-0.000814497429201,0.000358535584881,0.00117303301408
2021-07-06,-0.00628753061943,-0.00230408548469,0.00398344513474
2021-07-07,-0.00516945392344,-0.00206045092305,0.00310900300039
2021-07-08,-0.00180118205935,-0.00130733342259,0.000493848636757
2021-07-09,0.0035329389742,-0.0004302552544,-0.00396319422861
2021-07-12,0.00250748107204,0.00117208529641,-0.00133539577563
2021-07-13,-0.00484720301316,-0.00097966355682,0.00386753945634
2021-07-14,-0.00743775532648,-0.00450151112661,0.00293624419987
2021-07-15,-0.000886335540368,-6.09180220436e-05,0.000825417518324
2021-07-16,-0.00507230026562,-0.00164489673556,0.00342740353006
2021-07-19,-0.00269787366625,-0.000320976604321,0.00237689706193
2021-07-20,0.000722397494785,-0.000363542139065,-0.00108593963385
2021-07-21,0.0076853186122,0.00079554004129,-0.00688977857091
2021-07-22,-0.00520040323435,0.000640909902554,0.0058413131369
2021-07-23,0.000396071814579,0.00160996778441,0.00121389596983
2021-07-26,0.00289448745874,-0.000271429772817,-0.00316591723156
2021-07-27,-0.00105768757604,-0.00134306070432,-0.000285373128284
2021-07-28,0.00195162816574,0.00157407699618,-0.000377551169566
2021-07-29,0.000717455259474,0.000164314507394,-0.00055314075208
2021-07-30,-0.000355391495797,0.00072095643933,0.00107634793513
2021-08-02,-0.000382223952006,-0.000370499704549,1.17242474568e-05
2021-08-03,-0.00513924012472,-0.00414532663254,0.000993913492183
2021-08-04,-0.000163338093221,-0.00114654244153,-0.000983204348311
2021-08-05,3.34461948661e-05,8.16598847218e-05,4.82136898556e-05
2021-08-06,0.000449182307485,-0.00125722403931,-0.0017064063468
2021-08-09,-0.00475657636617,-0.00423342472098,0.000523151645187
2021-08-10,-0.00773743417146,-0.00578708408957,0.00195035008188
2021-08-11,0.000928104071223,0.000906614335065,-2.14897361577e-05
2021-08-12,-0.00226172428364,-0.00259432220564,-0.000332597921997
2021-08-13,0.00423172288224,0.00171379914848,-0.00251792373376
2021-08-16,0.00424640238847,-0.000402737441203,-0.00464913982967
2021-08-17,-0.00346897733376,-0.0030974754076,0.000371501926159
2021-08-18,-0.0013492231519,-0.00115578395544,0.000193439196452
2021-08-19,-0.00687116744322,-0.00233274587162,0.0045384215716
2021-08-20,0.000867346049886,0.0016703952236,0.000803049173717
2021-08-23,0.00453335076273,0.000405433781641,-0.00412791698109
2021-08-24,0.00315582579092,-0.000714147357788,-0.0038699731487
2021-08-25,0.00169642733874,0.000756117187824,-0.000940310150918
2021-08-26,-0.000335331738945,-0.000473895335221,-0.000138563596276
2021-08-27,-0.00242841084377,0.000103418851596,0.00253182969537
2021-08-30,0.00945663084891,0.000736266456455,-0.00872036439246
2021-08-31,0.00191852402353,-0.00300862264474,-0.00492714666828
2021-09-01,0.00206242754663,-0.00404214583085,-0.00610457337748
2021-09-02,0.00443427975998,0.00308206465121,-0.00135221510877
2021-09-03,-0.00141703769679,-0.000441793280556,0.000975244416231
2021-09-07,0.0011885063056,0.00108668594112,-0.000101820364483
2021-09-08,-0.00365891747221,-0.000652473936007,0.0030064435362
2021-09-09,0.000143952018509,-0.000228353120109,-0.000372305138618
2021-09-10,0.000728466734325,0.000300544492763,-0.000427922241563
2021-09-13,0.0025685202317,0.00169405160043,-0.000874468631262
2021-09-14,-0.000843363844167,-0.00118350095168,-0.000340137107512
2021-09-15,0.00259157023391,0.00227972816481,-0.000311842069097
2021-09-16,-0.00144734322216,-0.000656565666998,0.000790777555162
2021-09-17,-0.00134188174742,-0.000489177198535,0.000852704548883
2021-09-20,0.00111540743368,-0.000435758304605,-0.00155116573829
2021-09-21,-0.00150909011414,-0.0020516888576,-0.000542598743462
2021-09-22,-0.000239397341836,-0.000362948413545,-0.000123551071709
2021-09-23,-0.00148022643336,-0.000620230675355,0.000859995758005
2021-09-24,-0.00219620658779,-0.00194578636505,0.000250420222746
2021-09-27,-0.00778621253308,-0.00299533428987,0.00479087824322
2021-09-28,-0.00645910499463,-0.004676833514,0.00178227148063
2021-09-29,7.22591826929e-05,-0.000170551711509,-0.000242810894202
2021-09-30,-0.000437429172325,0.00125947809681,0.00169690726913
2021-10-01,-0.0110585698925,-0.0097746920839,0.00128387780857
2021-10-04,-0.00985906101105,-0.00618159050572,0.00367747050534
2021-10-05,0.00396865395567,0.00503506716134,0.00106641320566
2021-10-06,0.00343225370088,0.00254067958743,-0.000891574113449
2021-10-07,0.0018757963461,0.00241432626809,0.000538529921999
2021-10-08,-0.00151930774166,-0.00145942950789,5.98782337751e-05
2021-10-11,-0.000424298110094,-0.000494814835636,-7.05167255415e-05
2021-10-12,-0.00199939176152,-0.0018511652029,0.000148226558617
2021-10-13,-0.0033380804863,-0.00151096249154,0.00182711799475
2021-10-14,-0.000945144950876,-3.407274904e-05,0.000911072201836
2021-10-15,0.00294892326712,0.0021536051715,-0.000795318095622
2021-10-18,-0.000926873908718,0.000548340347692,0.00147521425641
2021-10-19,0.00282091151928,0.0026266535662,-0.000194257953083
2021-10-20,0.000105793153884,-0.000700047129074,-0.000805840282958
2021-10-21,-0.00673764707428,-0.00595108596173,0.000786561112553
2021-10-22,-0.00287833586295,-0.0028334602109,4.48756520517e-05
2021-10-25,-0.00160775909667,-0.00201039087141,-0.000402631774745
2021-10-26,0.000444768971725,0.000419706053276,-2.50629184484e-05
2021-10-27,0.000506216269267,0.00178381855296,0.00127760228369
2021-10-28,3.3937083644e-05,0.000110396221909,7.64591382649e-05
2021-10-29,-0.00333881260295,-0.0060641799755,-0.00272536737255
2021-11-01,0.00508877053268,0.00425987643804,-0.000828894094636
2021-11-02,0.00110732060477,0.00192960731636,0.000822286711582
2021-11-03,7.88826739682e-05,0.000401650346613,0.000322767672645
2021-11-04,-0.00213981350489,-0.0011419961268,0.00099781737809
2021-11-05,0.0108470587002,0.0074938998493,-0.00335315885091
2021-11-08,0.00114847694401,-0.000310886397651,-0.00145936334166
2021-11-09,0.00123658877029,0.00086615711003,-0.000370431660262
2021-11-10,-0.00047429684913,0.00260256100346,0.00307685785258
2021-11-11,0.000382696930754,0.000682672789585,0.00029997585883
2021-11-12,0.00115450201629,0.00146362894165,0.000309126925356
2021-11-15,-0.000483479639411,-0.000991806183079,-0.000508326543668
2021-11-16,-0.00524855254777,-0.0056300221746,-0.000381469626836
2021-11-17,0.00168860516489,0.00219729329887,0.000508688133981
2021-11-18,-0.0018087876016,-7.82199257277e-06,0.00180096560902
2021-11-19,-0.00529894267454,-0.00385292742664,0.00144601524791
2021-11-22,0.00183378030616,0.00051275795713,-0.00132102234903
2021-11-23,0.00384134653467,0.00338072093792,-0.000460625596747
2021-11-24,-0.0014554313147,-0.00151310354132,-5.76722266176e-05
2021-11-26,-0.000705018265134,5.84994061903e-06,0.000710868205753
2021-11-29,-0.000684315895226,0.00232868993574,0.00301300583096
2021-11-30,-0.00429493066894,-0.00247476880548,0.00182016186346
2021-12-01,0.000390089652239,0.00120442712411,0.000814337471873
2021-12-02,0.00408168179989,0.00305971902135,-0.00102196277854
2021-12-03,-0.00158229134025,-0.00151938570068,6.29056395745e-05
2021-12-06,0.00262728391956,0.000241833301996,-0.00238545061756
2021-12-07,-0.00203424003538,-0.000540539283368,0.00149370075202
2021-12-08,-0.0067172816844,-0.00547573080933,0.00124155087507
2021-12-09,-0.000885264017414,-0.000218185286842,0.000667078730571
2021-12-10,0.00890371850644,0.00833399032723,-0.000569728179214
2021-12-13,-0.00204551147961,-0.00129587167296,0.000749639806647
2021-12-14,0.00344502053295,0.00151733425532,-0.00192768627763
2021-12-15,-0.00533748925858,-0.0021685029119,0.00316898634668
2021-12-16,-0.00232529483842,-0.00534340275646,-0.00301810791804
2021-12-17,0.00355437972585,0.00264973496365,-0.000904644762201
2021-12-20,0.00302240634311,0.00398963341005,0.000967227066932
2021-12-21,-0.000217692059066,-0.000943965914889,-0.000726273855823
2021-12-22,-0.00174818366075,-0.00105461787956,0.000693565781189
2021-12-23,0.000894508276336,0.000147306494516,-0.00074720178182
2021-12-27,-0.000957709976457,-0.00209626504783,-0.00113855507137
2021-12-28,-0.00102588416929,-0.000579034182717,0.00044684998657
2021-12-29,-0.00101342266861,-0.000634534817999,0.000378887850613
2021-12-30,0.000881339154733,0.000758737862439,-0.000122601292294
2021-12-31,-0.000852048189419,-0.000822490529731,2.95576596885e-05
2022-01-03,0.00296726352715,0.00175398591431,-0.00121327761284
2022-01-04,0.002492755353,-0.00244080547728,-0.00493356083028
2022-01-05,-0.00396043343526,-0.00273249567498,0.00122793776028
2022-01-06,-0.00565667544839,-0.00361275401322,0.00204392143516
2022-01-07,-0.00767075408614,-0.00310486861637,0.00456588546978
2022-01-10,-0.00132105353635,0.000843065741318,0.00216411927767
2022-01-11,-0.00659831066829,-0.00534127322603,0.00125703744226
2022-01-12,0.00205153543268,0.000921338451564,-0.00113019698112
2022-01-13,-0.00320255930046,-0.0018152148461,0.00138734445435
2022-01-14,-0.0139877381394,-0.01225599381,0.00173174432944
2022-01-18,-0.00487699142087,-0.00758738946472,-0.00271039804385
2022-01-19,-0.0011313400039,-0.00138407372148,-0.000252733717586
2022-01-20,-0.00163097182501,-0.000847794275979,0.00078317754903
2022-01-21,0.00204853981417,0.0015854977361,-0.000463042078075
2022-01-24,0.00183264324444,0.000390111546498,-0.00144253169794
2022-01-25,-0.00519944380444,-0.00422584585795,0.000973597946488
2022-01-26,0.00209308142377,0.00160449136992,-0.000488590053848
2022-01-27,-0.00143726019514,-0.00211959833968,-0.00068233814454
2022-01-28,0.00646920202024,0.00341781111145,-0.00305139090879
2022-01-31,0.00370665958855,0.00123381587433,-0.00247284371422
2022-02-01,-0.00321988881042,0.0006906889384,0.00391057774882
2022-02-02,-0.000930562306132,-0.00116849749525,-0.000237935189119
2022-02-03,0.00133646461333,0.000909246987064,-0.00042721762627
2022-02-04,0.00246451931776,-0.00155085156798,-0.00401537088574
2022-02-07,0.00235919524931,0.00114888299329,-0.00121031225602
2022-02-08,-0.00193297179351,-0.00266075686673,-0.000727785073222
2022-02-09,0.00237688120465,0.00218492486691,-0.000191956337737
2022-02-10,-0.00116561675699,-0.0013301759157,-0.000164559158711
2022-02-11,0.0013788216698,0.00616554313709,0.00478672146729
2022-02-14,0.00126401810868,-0.0021698003345,-0.00343381844318
2022-02-15,0.00162320942802,-0.0012921313907,-0.00291534081872
2022-02-16,-0.00122883011428,-0.000962148655396,0.000266681458884
2022-02-17,0.00025555946035,-0.00239018769475,-0.0026457471551
2022-02-18,0.000819494912707,0.0006876714711,-0.000131823441607
2022-02-22,0.00124295372225,0.00233961790939,0.00109666418714
2022-02-23,0.000477777390971,-0.00099870282483,-0.0014764802158
2022-02-24,0.00231235177352,0.00205862478958,-0.00025372698394
2022-02-25,-0.00130838923877,-0.00102728369777,0.000281105540995
2022-02-28,-0.00678796866304,-0.00672270019988,6.5268463158e-05
2022-03-01,-0.00278316583762,-0.00542593666241,-0.00264277082479
2022-03-02,0.000276667153896,0.000382974200594,0.000106307046697
2022-03-03,-0.00352443182055,-0.00258023170085,0.0009442001197
2022-03-04,-0.0069940619593,-0.00536553338666,0.00162852857264
2022-03-07,-0.00814911585698,-0.00612608499703,0.00202303085995
2022-03-08,-0.00268109352287,-0.00297335689745,-0.000292263374584
2022-03-09,0.0105941381461,0.0111174830184,0.000523344872256
2022-03-10,-0.00817709675307,-0.00712524734854,0.00105184940453
2022-03-11,0.00137780321493,0.00120062518717,-0.000177178027756
2022-03-14,0.00576868961782,0.00348645551414,-0.00228223410368
2022-03-15,0.0107606257349,0.00638288142406,-0.00437774431083
2022-03-16,-0.00127451843598,0.00147407735262,0.0027485957886
2022-03-17,0.00438143150554,0.00278682043351,-0.00159461107203
2022-03-18,0.00151147660698,0.00159616717794,8.46905709597e-05
2022-03-21,0.00939142403711,0.00471520809445,-0.00467621594266
2022-03-22,0.00026588781607,-0.000735260146715,-0.00100114796278
2022-03-23,-0.00279762136993,-0.00653081318623,-0.00373319181631
2022-03-24,-0.000160267906663,-0.000916874536394,-0.000756606629732
2022-03-25,-0.00498524313147,-0.00194425902413,0.00304098410734
2022-03-28,0.00503377595634,0.00127675169866,-0.00375702425767
2022-03-29,0.0011916981101,0.000615438557204,-0.000576259552892
2022-03-30,-0.00356634112549,-0.00293860691836,0.000627734207139
2022-03-31,-0.00729189218827,-0.00597495705021,0.00131693513806
2022-04-01,-0.00206281349699,-0.000769234741779,0.00129357875521
2022-04-04,0.00224140239259,0.00311878517235,0.000877382779761
2022-04-05,-0.00268602110972,0.00144698671044,0.00413300782015
2022-04-06,-0.00154934064488,-4.4447868328e-05,0.00150489277655
2022-04-07,-0.00282106960555,-0.0034608422361,-0.000639772630556
2022-04-08,0.00569474154846,0.00232277165101,-0.00337196989745
2022-04-11,-0.000659348176004,-0.00041682456587,0.000242523610134
2022-04-12,0.000558167616757,-0.000536480337391,-0.00109464795415
2022-04-13,0.00141784009444,0.00138251437962,-3.53257148171e-05
2022-04-14,-0.00163687166175,-0.00173994808398,-0.000103076422229
2022-04-18,-0.00190633401256,-0.00205911482723,-0.000152780814676
2022-04-19,-0.000869796795265,-0.00113934072183,-0.000269543926568
2022-04-20,-2.45682970709e-05,0.000269227366915,0.000293795663986
2022-04-21,0.000431739198755,-0.00151506901715,-0.0019468082159
2022-04-22,0.000145090261343,0.00131363769231,0.00116854743097
2022-04-25,-0.00290435689531,-0.00216764168967,0.000736715205642
2022-04-26,0.000752026922905,0.000294709616337,-0.000457317306568
2022-04-27,0.00316990774997,0.000908559104329,-0.00226134864564
2022-04-28,0.00283669214684,0.00176736183811,-0.00106933030873
2022-04-29,-0.00176680005942,-0.0018383129825,-7.15129230761e-05
2022-05-02,0.000753622898924,-0.00103184925005,-0.00178547214898
2022-05-03,0.00205343532996,0.0016520052397,-0.000401430090259
2022-05-04,-0.00486208642064,-0.00054274224416,0.00431934417648
2022-05-05,-0.00128509484443,-0.0013022880097,-1.71931652773e-05
2022-05-06,-0.00831216643894,-0.00455539732718,0.00375676911175
2022-05-09,0.0204472704013,0.00499017859685,-0.0154570918045
2022-05-10,0.00128809334123,0.000968773893129,-0.000319319448103
2022-05-11,-0.00358328175085,-0.00112138756936,0.00246189418148
2022-05-12,0.00145622053842,-0.000261556751271,-0.00171777728969
2022-05-13,0.00344460899417,0.00616137354965,0.00271676455548
2022-05-16,0.000259543994684,-0.000931105986044,-0.00119064998073
2022-05-17,-0.000982467276656,-0.00364220947618,-0.00265974219952
2022-05-18,-0.00845313082899,-0.00226091726619,0.0061922135628
2022-05-19,-0.00328490401794,-0.00261129722307,0.000673606794873
2022-05-20,-0.000104154905714,-0.00168589406073,-0.00158173915501
2022-05-23,-0.00281461242782,0.00103384360605,0.00384845603387
2022-05-24,0.00114481487208,0.000997422469966,-0.000147392402117
2022-05-25,0.001135738081,0.00224438259349,0.00110864451249
2022-05-26,0.00307832314634,0.00337708048601,0.000298757339671
2022-05-27,0.00235939331322,0.00187181592606,-0.000487577387163
2022-05-31,0.00034528601342,0.000576058476392,0.000230772462972
2022-06-01,-0.00223230618505,-0.00183497655695,0.000397329628099
2022-06-02,-0.00467060660332,-0.00489288428241,-0.000222277679086
2022-06-03,-0.00440674155296,-0.00282548534109,0.00158125621187
2022-06-06,-0.000184260302061,0.000172719228139,0.000356979530201
2022-06-07,-0.00521440500861,-0.00179427795857,0.00342012705004
2022-06-08,-0.000837078011596,0.000195526069679,0.00103260408128
2022-06-09,0.000756608757989,-0.00236702952508,-0.00312363828307
2022-06-10,-0.000666110558537,-0.00232585061394,-0.0016597400554
2022-06-13,0.008513468994,0.00458010181266,-0.00393336718134
2022-06-14,-0.00030011956843,-0.000687519043092,-0.000387399474663
2022-06-15,0.00270909506387,0.000885219440764,-0.00182387562311
2022-06-16,0.00211739374053,0.00267730859806,0.000559914857528
2022-06-17,-0.00103629681676,0.00320327774477,0.00423957456153
2022-06-21,0.00738726411635,0.00335929403435,-0.004027970082
2022-06-22,-0.0128105712172,-0.00624047589771,0.00657009531946
2022-06-23,-0.0190490306046,-0.00946713450876,0.00958189609588
2022-06-24,0.00172716224764,0.00354229357795,0.00181513133031
2022-06-27,0.00399654818973,0.000760456552924,-0.0032360916368
2022-06-28,0.0120552143568,0.00502694392306,-0.00702827043376
2022-06-29,-0.0101471807013,-0.00525256304257,0.00489461765875
2022-06-30,-0.00531290857383,-0.00117128374753,0.0041416248263
2022-07-01,-0.000907658728498,-0.000368414484191,0.000539244244307
2022-07-05,0.00571470033182,0.00416060207528,-0.00155409825655
2022-07-06,-0.00224342919047,-0.00129618550736,0.000947243683113
2022-07-07,0.00971384276307,0.00541050380615,-0.00430333895692
2022-07-08,-0.00195137329409,-0.00232249719844,-0.000371123904352
2022-07-11,-0.00374615124787,-0.00114761585272,0.00259853539515
2022-07-12,-0.00363609663888,-0.00159282234927,0.00204327428961
2022-07-13,-0.00331972216684,-0.00181051778209,0.00150920438474
2022-07-14,-0.00568879669427,-0.00370701329608,0.00198178339819
2022-07-15,0.00133999280252,0.000865617372511,-0.000474375430011
2022-07-18,0.0061091605489,0.0037150238585,-0.0023941366904
2022-07-19,0.00436831970397,0.00129541190281,-0.00307290780116
2022-07-20,-0.00298663889638,-0.00133839327021,0.00164824562618
2022-07-21,-0.00022000943139,-0.000785785581785,-0.000565776150395
2022-07-22,0.0011455499842,0.0019788290451,0.000833279060901
2022-07-25,-0.00517543411654,-0.00350898075895,0.00166645335759
2022-07-26,0.00482865197497,0.00334449939203,-0.00148415258294
2022-07-27,-0.000796710234091,0.00145869400166,0.00225540423575
2022-07-28,0.00199037350752,0.00168853793629,-0.000301835571229
2022-07-29,8.49689577138e-05,0.00108512322041,0.0010001542627
2022-08-01,0.00223902057973,0.000655198727994,-0.00158382185174
2022-08-02,-0.00152054310716,-0.000796023520471,0.000724519586689
2022-08-03,0.000438216582388,-0.000923999272667,-0.00136221585505
2022-08-04,0.00350743713623,0.00183224553922,-0.00167519159701
2022-08-05,0.00355821388945,0.00421554943558,0.000657335546133
2022-08-08,-0.000277755528363,-0.00136947383987,-0.00109171831151
2022-08-09,0.00462823336266,0.00419825440268,-0.000429978959984
2022-08-10,-0.00140760790933,-8.94365696245e-05,0.00131817133971
2022-08-11,0.0017673440269,-0.000218022380285,-0.00198536640718
2022-08-12,-0.00291749298193,-0.00350260413928,-0.000585111157356
2022-08-15,0.00587566006563,0.00181040277008,-0.00406525729556
2022-08-16,0.00176053799422,0.000304270720634,-0.00145626727359
2022-08-17,-0.00150623916641,-0.000702520251728,0.000803718914686
2022-08-18,0.00159381755102,0.000112006026917,-0.0014818115241
2022-08-19,0.00321713110353,0.00211940175759,-0.00109772934594
2022-08-22,0.00359431085374,0.00123130946805,-0.00236300138568
2022-08-23,0.0038512076294,0.000322971003711,-0.00352823662569
2022-08-24,-0.00304279932073,-0.00187293056413,0.0011698687566
2022-08-25,0.000244208753012,0.00131667941718,0.00107247066417
2022-08-26,-0.00434310643141,-0.00280977908533,0.00153332734608
2022-08-29,-0.00605345325775,-0.00320705031663,0.00284640294112
2022-08-30,0.00657092851198,0.00147573555675,-0.00509519295523
2022-08-31,0.000271072453849,-0.00127698907622,-0.00154806153007
2022-09-01,0.00694614884959,-0.000734847201854,-0.00768099605145
2022-09-02,-0.00887851437464,-0.00199765010081,0.00688086427382
2022-09-06,-0.00110344757821,-0.000958192541803,0.000145255036411
2022-09-07,-0.00260259803833,-0.00219587440475,0.000406723633583
2022-09-08,-0.00212379541439,-0.00425084886616,-0.00212705345177
2022-09-09,0.00748145681651,0.00405683898685,-0.00342461782966
2022-09-12,0.00626865589389,0.0039985419243,-0.00227011396959
2022-09-13,-0.00178063816751,-0.00152143125562,0.000259206911891
2022-09-14,-0.00123981520049,-0.00405952057374,-0.00281970537325
2022-09-15,-0.00201749295355,-0.00254208472002,-0.00052459176647
2022-09-16,0.00660189310039,0.00268247609398,-0.00391941700641
2022-09-19,0.000655578010404,0.000867912163794,0.000212334153391
2022-09-20,-0.0003007147558,0.000227496146059,0.000528210901859
2022-09-21,0.00124724444423,0.0010925948477,-0.000154649596525
2022-09-22,0.000140278327357,0.00029550124786,0.000155222920504
2022-09-23,-0.00602234838147,-0.00257291468192,0.00344943369955
2022-09-26,-0.00375360846703,-0.00204932032624,0.00170428814079
2022-09-27,-0.00114111570026,-0.00184417190012,-0.000703056199856
2022-09-28,0.00468884097401,0.00240270639011,-0.0022861345839
2022-09-29,0.00170961042192,0.00025194780571,-0.00145766261621
2022-09-30,4.01552325209e-05,-0.000217239945753,-0.000257395178274
2022-10-03,0.0021644847101,0.00047085383252,-0.00169363087758
2022-10-04,-0.0013530845076,7.48086686186e-05,0.00142789317622
2022-10-05,-0.00765390206499,-0.00351293388013,0.00414096818486
2022-10-06,-0.00508622607006,-0.00105674531912,0.00402948075094
2022-10-07,-0.0054145040775,-0.00146559720536,0.00394890687214
2022-10-10,0.00321861251169,0.000973997195735,-0.00224461531595
2022-10-11,0.00194862075663,-0.00146952608286,-0.00341814683948
2022-10-12,0.000739962211661,0.00166266068789,0.000922698476227
2022-10-13,0.00085530770517,0.00278541220212,0.00193010449695
2022-10-14,0.00908036689995,0.00545070803487,-0.00362965886508
2022-10-17,-0.000630770093225,-0.000506242503718,0.000124527589507
2022-10-18,-0.00126294398792,-0.00137213979191,-0.000109195803992
2022-10-19,0.00683796533107,0.00467043257839,-0.00216753275268
2022-10-20,-0.000959185792526,0.000465441332099,0.00142462712463
2022-10-21,-0.00399650952772,-0.00266049675363,0.00133601277409
2022-10-24,0.000883960741208,0.00170407822995,0.000820117488744
2022-10-25,0.00221668650676,0.00151495036127,-0.000701736145494
2022-10-26,-0.000705282992908,-0.000282487096084,0.000422795896823
2022-10-27,0.000949063364613,0.00159363304332,0.000644569678708
2022-10-28,0.00246967076367,0.00345577933427,0.000986108570597
2022-10-31,-0.00151596735612,-0.00241291660392,-0.000896949247799
2022-11-01,0.000495147762054,-0.00157722948032,-0.00207237724237
2022-11-02,-0.00102499383491,-0.00169589191011,-0.000670898075204
2022-11-03,-0.00259706287128,-0.00253092667921,6.61361920723e-05
2022-11-04,-0.00241155076125,-0.00191906887178,0.000492481889467
2022-11-07,9.30943704831e-05,0.00167838503625,0.00158529066576
2022-11-08,0.000295755328657,-0.000385180592775,-0.000680935921432
2022-11-09,0.00167404621474,-0.00118225219098,-0.00285629840572
2022-11-10,0.00481350394534,0.00295023705673,-0.00186326688861
2022-11-11,0.00130457302891,7.76184971136e-05,-0.00122695453179
2022-11-14,0.000150953214603,0.000720170410892,0.000569217196289
2022-11-15,-0.0030162368131,-0.000627040046579,0.00238919676652
2022-11-16,0.000589201462414,0.00377257563254,0.00318337417013
2022-11-17,0.00026476207754,-0.00097671670759,-0.00124147878513
2022-11-18,0.00173655658613,0.00244276239292,0.000706205806785
2022-11-21,-0.000796835406417,-0.000898976340569,-0.000102140934153
2022-11-22,0.00139599933502,-0.00155690315041,-0.00295290248542
2022-11-23,-0.00264032243973,0.000289802162118,0.00293012460185
2022-11-25,-0.00102648558341,-0.000668999899121,0.000357485684287
2022-11-28,-0.00510788842044,-0.00248664409004,0.0026212443304
2022-11-29,0.00241680815894,-0.00142658531511,-0.00384339347405
2022-11-30,-0.00215416346862,0.00142756852133,0.00358173198994
2022-12-01,0.00313684422806,0.00265515715647,-0.000481687071589
2022-12-02,-0.00112838152784,-0.00144328200572,-0.000314900477882
2022-12-05,-0.00183065760244,-0.000501359650066,0.00132929795237
2022-12-06,-0.00235417193525,-0.00213877195234,0.00021539998291
2022-12-07,-0.00186357052603,-0.00161321032202,0.000250360204006
2022-12-08,-0.00550342604128,-0.00365467073367,0.00184875530761
2022-12-09,0.00317204064285,0.00418548857087,0.00101344792802
2022-12-12,-0.000974665540878,-0.00228559311993,-0.00131092757906
2022-12-13,0.00185350316542,-0.000448955269673,-0.0023024584351
2022-12-14,-0.00559149656541,-0.00374467030716,0.00184682625824
2022-12-15,0.00146420785789,0.000778544663538,-0.000685663194349
2022-12-16,0.00251165921757,0.00301721229058,0.000505553073016
2022-12-19,-0.00023823713463,0.000815220498281,0.00105345763291
2022-12-20,-0.0044767373038,-0.00272815059879,0.00174858670501
2022-12-21,-0.00167933815466,8.647770787e-05,0.00176581586253
2022-12-22,0.00306642054577,0.000569500279072,-0.0024969202667
2022-12-23,-0.00651996921918,-0.0024689588417,0.00405101037748
2022-12-27,-0.00307160711324,-0.00269639244738,0.00037521466586
2022-12-28,0.00199205602086,0.000626782398678,-0.00136527362218
2022-12-29,0.000299983319196,6.08475095096e-05,-0.000239135809686
2022-12-30,-0.00272795434145,-0.00101705603309,0.00171089830836
2023-01-03,-0.000990696624359,-0.0034992616524,-0.00250856502804
2023-01-04,-0.0016834633026,-0.000986959909939,0.000696503392658
2023-01-05,-0.000749292610965,-0.00182479068792,-0.00107549807695
2023-01-06,-0.000105251875438,-0.000243098508123,-0.000137846632685
2023-01-09,0.00217792806129,0.00209596138844,-8.19666728558e-05
2023-01-10,-0.00166657172328,-0.00167809559402,-1.15238707423e-05
2023-01-11,0.000312411153693,0.000467821467721,0.000155410314028
2023-01-12,-0.00101402351476,0.000501671111957,0.00151569462672
2023-01-13,-0.000245481668126,0.000330048967553,0.000575530635679
2023-01-17,0.000718632271353,0.0028989236933,0.00218029142195
2023-01-18,-0.000334398012156,-0.00123853042056,-0.000904132408402
2023-01-19,-0.000655084322315,0.000858181782721,0.00151326610504
2023-01-20,-0.00475842598278,-0.00597983622466,-0.00122141024189
2023-01-23,0.0030975916872,0.000359014498565,-0.00273857718863
2023-01-24,0.00116625012016,0.000935289373482,-0.000230960746675
2023-01-25,0.000419751323466,-0.000279907564939,-0.000699658888405
2023-01-26,-0.00637058165949,-0.00721939143763,-0.000848809778147
2023-01-27,-0.000460593728698,-2.04080178137e-05,0.000440185710885
2023-01-30,0.00172395189403,0.00165898090401,-6.49709900133e-05
2023-01-31,-2.80508181977e-05,-1.03395389301e-05,1.77112792675e-05
2023-02-01,0.00117217875993,0.00102473635601,-0.000147442403916
2023-02-02,0.00534974108616,0.00437041948734,-0.000979321598825
2023-02-03,0.00244419897757,0.000494553102746,-0.00194964587482
2023-02-06,0.000459492206063,1.37589915095e-05,-0.000445733214553
2023-02-07,0.00613631497761,0.00448972746281,-0.0016465875148
2023-02-08,-0.000604820542593,-0.00105482718144,-0.000450006638849
2023-02-09,0.00171248463091,0.00255951186215,0.000847027231234
2023-02-10,0.00171746696885,0.00106857335264,-0.000648893616206
2023-02-13,0.00133711498868,-2.95818035992e-05,-0.00136669679228
2023-02-14,-0.000505862239087,-0.00021287968125,0.000292982557837
2023-02-15,0.00182412307591,0.000683310222573,-0.00114081285334
2023-02-16,0.00111361853481,0.00123116821307,0.000117549678261
2023-02-17,0.0012471444242,0.00172496145124,0.000477817027048
2023-02-21,-0.00151796383441,-0.00105899879617,0.000458965038235
2023-02-22,-0.00204155603644,-0.00117195332407,0.000869602712373
2023-02-23,0.00406111311317,0.0019692253805,-0.00209188773267
2023-02-24,0.00300764721993,-7.18770200496e-05,-0.00307952423998
2023-02-27,-0.000368216769611,-0.000713827004764,-0.000345610235153
2023-02-28,0.00192611098707,0.00112235927092,-0.000803751716147
2023-03-01,-0.00876251660895,-0.00317712251006,0.00558539409889
2023-03-02,0.00235490387998,0.00158384699094,-0.000771056889037
2023-03-03,-0.00249353406008,-0.000997565215316,0.00149596884476
2023-03-06,0.00271838470645,0.00145139520853,-0.00126698949792
2023-03-07,0.00211816402415,0.000903121216883,-0.00121504280727
2023-03-08,0.0016176012407,0.00146847829461,-0.000149122946086
2023-03-09,-0.00955538000165,-0.00847460216524,0.00108077783641
2023-03-10,0.00329244675552,0.00479115239246,0.00149870563694
2023-03-13,-0.0126614910889,-0.0113253898278,0.00133610126108
2023-03-14,0.00210533369677,0.00158114429635,-0.000524189400421
2023-03-15,-0.00964878598732,-0.00474389913748,0.00490488684984
2023-03-16,0.000136911007302,-2.93989830662e-05,-0.000166309990369
2023-03-17,-0.0101887213599,-0.00693263172881,0.00325608963112
2023-03-20,0.00477815152819,0.00369777735775,-0.00108037417044
2023-03-21,0.0107295112876,0.00500296514665,-0.00572654614099
2023-03-22,-0.00634613194343,-0.00642886632777,-8.27343843435e-05
2023-03-23,-0.00626566109286,-0.00162025584577,0.00464540524708
2023-03-24,-0.000865139211717,-0.000993516464604,-0.000128377252887
2023-03-27,0.00517685833679,0.00318486426727,-0.00199199406952
2023-03-28,-0.00199076095307,-0.00195189946197,3.88614911039e-05
2023-03-29,-0.00143736704499,-0.00045321858529,0.000984148459704
2023-03-30,-0.00086936966304,-0.000842542456872,2.68272061682e-05
2023-03-31,0.00023361012808,0.000283772001997,5.01618739173e-05
2023-04-03,-0.00103657295018,0.00152630747737,0.00256288042755
2023-04-04,0.00131977830023,-0.000310543148635,-0.00163032144886
2023-04-05,-0.00238866000826,-0.00187222003543,0.000516439972825
2023-04-06,0.00292842277842,0.00168519749365,-0.00124322528477
2023-04-10,0.00307856329924,0.00264588626736,-0.000432677031879
2023-04-11,0.00300440329926,0.0017449682584,-0.00125943504086
2023-04-12,-0.000735300875423,0.000103189466452,0.000838490341874
2023-04-13,-0.000945741043722,-0.000252217264278,0.000693523779444
2023-04-14,-0.00115018443098,2.33014214837e-05,0.00117348585247
2023-04-17,-0.00334521484592,-0.00241591342825,0.00092930141767
2023-04-18,-0.0015790313888,-0.000912640232535,0.000666391156268
2023-04-19,-0.00198154101327,-0.00203862498716,-5.70839738966e-05
2023-04-20,-0.000253437056481,-0.000820556410317,-0.000567119353836
2023-04-21,-0.000492402594168,-0.000298758897947,0.000193643696221
2023-04-24,-8.43182324159e-05,0.00029259815547,0.000376916387886
2023-04-25,-0.000253556744838,-4.90925670453e-05,0.000204464177793
2023-04-26,0.00136127602731,0.00230162162428,0.00094034559697
2023-04-27,-0.000324100003484,0.000223148334262,0.000547248337746
2023-04-28,0.000701560444691,-7.47200868281e-05,-0.000776280531519
2023-05-01,0.000242102367269,0.000618799788943,0.000376697421675
2023-05-02,-0.00476250139883,-0.00249521266487,0.00226728873396
2023-05-03,0.00374385005603,0.00563204690017,0.00188819684414
2023-05-04,-0.00457228391375,-0.00468749318793,-0.000115209274181
2023-05-05,0.00188746639785,0.000376542475944,-0.00151092392191
2023-05-08,0.000825830964957,-0.000854062605727,-0.00167989357068
2023-05-09,0.00101677012574,0.000611016721527,-0.000405753404209
2023-05-10,-0.00524905068384,-0.00354475534158,0.00170429534225
2023-05-11,-0.00132777414532,-0.00116879084586,0.000158983299458
2023-05-12,-0.00199769445667,-0.000129066906977,0.00186862754969
2023-05-15,0.00105773795358,0.000379423841724,-0.000678314111859
2023-05-16,-0.00263180350201,-0.000714275608994,0.00191752789301
2023-05-17,-0.00145784373985,-0.00320811980446,-0.00175027606461
2023-05-18,-0.000592338424823,1.70261822787e-05,0.000609364607102
2023-05-19,0.000430621026665,0.000146421273062,-0.000284199753603
2023-05-22,0.00121010620012,-0.000773714188467,-0.00198382038859
2023-05-23,-0.000565528514814,0.000286237035637,0.00085176555045
2023-05-24,0.000802245658046,0.000258093837652,-0.000544151820393
2023-05-25,0.00235750875606,0.00109773111911,-0.00125977763695
2023-05-26,0.000449830158276,-0.000744107152479,-0.00119393731076
2023-05-30,-0.00229404303705,-0.00230918189378,-1.51388567283e-05
2023-05-31,-0.00336541502278,-0.00460954201214,-0.00124412698936
2023-06-01,-1.33362618038e-05,0.000480420103006,0.00049375636481
2023-06-02,0.00453796282526,0.00317582600507,-0.00136213682018
2023-06-05,-0.00395484026874,-0.00310253585695,0.000852304411793
2023-06-06,0.00162654289099,0.000603956433732,-0.00102258645726
2023-06-07,0.00138120716951,-0.000145127530991,-0.0015263347005
2023-06-08,0.000642174765391,0.000782002196569,0.000139827431178
2023-06-09,0.000729776650864,-2.40497365863e-05,-0.000753826387451
2023-06-12,0.00090281826733,-0.0010961061764,-0.00199892444373
2023-06-13,-0.000812923959119,-0.000449787706711,0.000363136252408
2023-06-14,-0.00168108331758,-0.00107264506765,0.000608438249939
2023-06-15,0.000313461610994,0.00104986338487,0.000736401773876
2023-06-16,0.000360437921578,0.000374679132188,1.42412106099e-05
2023-06-20,0.0018717655851,0.00349669777845,0.00162493219335
2023-06-21,0.00129380489606,0.000546773836132,-0.000747031059929
2023-06-22,-0.00320157179393,0.000413539182914,0.00361511097684
2023-06-23,-0.000437771172342,-0.00044426532804,-6.49415569776e-06
2023-06-26,0.00124783817501,-0.00202213714179,-0.0032699753168
2023-06-27,-0.001918933742,-0.00241679343214,-0.000497859690143
2023-06-28,0.000887273655224,0.00101286867035,0.000125595015123
2023-06-29,0.00250292134923,0.00202090872943,-0.000482012619802
2023-06-30,-0.00230814334207,-0.00266975258452,-0.000361609242456
2023-07-03,-0.00052269689745,0.00124722905604,0.00176992595349
2023-07-05,-0.00139623267678,-0.00126835415245,0.000127878524339
2023-07-06,-0.000736775706528,-0.00168596677143,-0.000949191064903
2023-07-07,-0.00221819891951,0.00202329819928,0.00424149711879
2023-07-10,0.00446686527562,0.00368112839897,-0.000785736876654
2023-07-11,-0.00380393631417,-0.00281008049678,0.000993855817392
2023-07-12,-0.000755162013882,-0.000365068282915,0.000390093730967
2023-07-13,-0.00129625997571,-0.00213559719832,-0.000839337222611
2023-07-14,0.00331106282139,-0.000764382217351,-0.00407544503874
2023-07-17,0.0023371630135,0.00373113287728,0.00139396986378
2023-07-18,-0.00104219432007,-0.001810289264,-0.000768094943934
2023-07-19,-0.00016895857413,-0.000968058954015,-0.000799100379885
2023-07-20,0.00276187743168,0.00127352683506,-0.00148835059662
2023-07-21,0.00186267827547,0.00186488130264,2.20302717202e-06
2023-07-24,-0.00137807121358,-0.00176326202502,-0.000385190811438
2023-07-25,0.00240156829364,0.00178706195885,-0.000614506334788
2023-07-26,-0.00469951114797,-0.0025773446069,0.00212216654107
2023-07-27,-0.000508693065281,-0.00133916652326,-0.000830473457975
2023-07-28,0.00054295048967,5.09322355575e-05,-0.000492018254112
2023-07-31,-0.00143145573549,-0.00021111935727,0.00122033637822
2023-08-01,-0.00138648575253,-0.00178537754772,-0.000398891795186
2023-08-02,-0.000661783451728,-0.00100138278949,-0.000339599337758
2023-08-03,-0.00107508795601,-0.000304906564327,0.000770181391688
2023-08-04,-0.000710047916817,-0.000341680966049,0.000368366950768
2023-08-07,0.0011233392311,0.00121339049254,9.00512614372e-05
2023-08-08,-0.000435436796743,-0.000145397495112,0.00029003930163
2023-08-09,0.000271073847103,0.000360853263264,8.97794161605e-05
2023-08-10,-0.000310454651261,-0.000753986017881,-0.00044353136662
2023-08-11,-0.00202523103605,-0.00113922416011,0.000886006875943
2023-08-14,0.000443932728472,3.09965021505e-05,-0.000412936226321
2023-08-15,0.00190771294971,-6.82347743615e-05,-0.00197594772407
2023-08-16,0.000359514054911,-0.000546808959345,-0.000906323014257
2023-08-17,-0.00102281214402,-0.00220654305457,-0.00118373091056
2023-08-18,-0.00190241399881,-0.00242500800326,-0.00052259400445
2023-08-21,-7.86327033112e-05,0.000434619770799,0.00051325247411
2023-08-22,-0.000721158014963,-0.0007254285843,-4.27056933672e-06
2023-08-23,-0.00166558414252,-0.00255662548267,-0.000891041340155
2023-08-24,0.002586216997,0.00406257119201,0.00147635419501
2023-08-25,-0.00459947600858,-0.0028769393363,0.00172253667228
2023-08-28,0.00034114309602,-0.000193087614983,-0.000534230711004
2023-08-29,0.000119018503894,0.000981728903426,0.000862710399532
2023-08-30,-0.00292473380258,-0.00240920753993,0.000515526262656
2023-08-31,-0.00177288910242,-0.00115870489621,0.000614184206204
2023-09-01,0.000402536766388,-0.000101563077083,-0.000504099843471
2023-09-05,-0.0022446022177,-0.00145212528377,0.00079247693393
2023-09-06,-0.0030145745613,-0.00136742084804,0.00164715371326
2023-09-07,0.000160165240794,-0.000520601433606,-0.0006807666744
2023-09-08,-0.00057682373722,-0.000159563570565,0.000417260166655
2023-09-11,0.00299498947349,0.00253580365384,-0.000459185819653
2023-09-12,0.00264768004336,0.00385080208053,0.00120312203716
2023-09-13,-0.00256024782612,-0.00189438531601,0.000665862510112
2023-09-14,-0.00184486272914,-0.00165734290115,0.000187519827992
2023-09-15,0.00198526621044,0.00203905289785,5.37866874164e-05
2023-09-18,-0.00295762017428,-0.00371599950564,-0.000758379331356
2023-09-19,0.00159360718018,0.000750796811376,-0.000842810368804
2023-09-20,0.00131301609271,0.00177959313951,0.000466577046802
2023-09-21,-0.000512028653699,-0.000495920290931,1.61083627682e-05
2023-09-22,-0.000785060931771,-0.000347119001095,0.000437941930676
2023-09-25,-0.00201362910058,-0.00174770368043,0.00026592542015
2023-09-26,-0.000576459128194,-0.000610506704935,-3.40475767405e-05
2023-09-27,-0.00354366952028,-0.00558909744946,-0.00204542792918
2023-09-28,-0.0011139873418,-0.000618344804666,0.00049564253713
2023-09-29,0.00803522987755,0.00644951639814,-0.00158571347942
2023-10-02,-0.00227978950459,-0.00321664443821,-0.000936854933619
2023-10-03,-0.00295809029166,-0.000983523722844,0.00197456656882
2023-10-04,0.00147161124981,0.00105508396831,-0.000416527281506
2023-10-05,-0.00355538869951,-0.00240791817144,0.00114747052807
2023-10-06,-0.00117859363092,-0.000177060014844,0.00100153361607
2023-10-09,0.00576842491373,0.00352909502007,-0.00223932989367
2023-10-10,0.00575014155476,0.00261601933794,-0.00313412221682
2023-10-11,-0.00144377436175,-0.00189793374601,-0.000454159384268
2023-10-12,-0.00247778736534,-0.00152461215642,0.000953175208921
2023-10-13,-7.56573653986e-05,0.00132643717101,0.00140209453641
2023-10-16,0.00304517865052,0.00185141078079,-0.00119376786973
2023-10-17,-0.00318449919525,-0.00184970960268,0.00133478959257
2023-10-18,0.000153532629841,0.00044060575962,0.00028707312978
2023-10-19,0.000381370346675,0.000112650698104,-0.000268719648571
2023-10-20,0.0046987416485,0.0047142036446,1.54619960988e-05
2023-10-23,0.00440955343532,0.00293379997161,-0.00147575346371
2023-10-24,-0.00198511573382,-0.00130372978736,0.000681385946462
2023-10-25,-0.00121118389754,-0.00163202491493,-0.000420841017391
2023-10-26,0.00629504557374,0.00413382755615,-0.00216121801759
2023-10-27,-0.00744994938638,-0.00547163201413,0.00197831737225
2023-10-30,-0.000313751906548,0.00061330732286,0.000927059229409
2023-10-31,-0.000869285007882,-0.000664434359584,0.000204850648298
2023-11-01,-0.00224590291894,-0.001188361659,0.00105754125994
2023-11-02,0.00557382606141,0.00412595077799,-0.00144787528342
2023-11-03,-0.00150200703439,-0.00103829839269,0.000463708641693
2023-11-06,-0.00137370780441,0.000744517813602,0.00211822561801
2023-11-07,-0.00420597419655,-0.00274869754138,0.00145727665518
2023-11-08,-4.1881037952e-05,0.000579145383516,0.000621026421468
2023-11-09,0.00123588441128,0.00093530658024,-0.000300577831038
2023-11-10,-0.000541212500702,-0.000100759635068,0.000440452865634
2023-11-13,0.000872206903629,3.36283077877e-05,-0.000838578595841
2023-11-14,0.00605133980706,0.00295311921633,-0.00309822059074
2023-11-15,0.00919888163132,0.00953240222065,0.000333520589333
2023-11-16,0.00260089164304,0.00286986923106,0.000268977588018
2023-11-17,-0.000758663397906,-2.60781721895e-06,0.000756055580687
2023-11-20,-4.10215926945e-05,-0.000159642416674,-0.00011862082398
2023-11-21,-0.000222277841218,-0.000518956292672,-0.000296678451454
2023-11-22,-0.000888492689797,-0.00135054121471,-0.000462048524917
2023-11-24,-0.000307741079449,-0.000299864028514,7.87705093463e-06
2023-11-27,0.000476622183125,0.000254450619943,-0.000222171563182
2023-11-28,-0.00141573140896,-0.00141702471081,-1.29330185661e-06
2023-11-29,0.000611448324324,0.000236601429155,-0.000374846895169
2023-11-30,-0.000997187095685,-0.00141742707461,-0.000420239978921
2023-12-01,-0.00362924656288,-0.00303096424765,0.000598282315236
2023-12-04,-0.00319642680748,-0.00229259480812,0.000903831999363
2023-12-05,-0.0015229929677,-0.00184101694625,-0.000318023978547
2023-12-06,-0.00181422177064,-0.000431476882,0.00138274488864
2023-12-07,-0.000815693077085,-0.00108515297852,-0.00026945990144
2023-12-08,0.0019344729167,2.44761103154e-05,-0.00190999680639
2023-12-11,-0.00248965046018,-0.00154626058743,0.000943389872747
2023-12-12,-0.00892159615909,-0.0109465716319,-0.00202497547279
2023-12-13,-0.00299878755893,-0.00354409426944,-0.000545306710504
2023-12-14,-0.00244469810402,-0.00222457899349,0.000220119110531
2023-12-15,0.00181170749543,0.00028297365781,-0.00152873383762
2023-12-18,0.00249454109788,0.0018385856355,-0.000655955462385
2023-12-19,0.00149728438168,0.00128717553933,-0.000210108842356
2023-12-20,-0.00123833209167,-0.000481372126884,0.000756959964783
2023-12-21,0.00137886940485,0.000351397705891,-0.00102747169896
2023-12-22,-0.00115104226211,-0.00107295557796,7.80866841547e-05
2023-12-26,0.000245184830636,-0.0001393777363,-0.000384562566936
2023-12-27,-0.00119729064715,-0.00177885009928,-0.000581559452131
2023-12-28,0.00067700860882,-0.00029499435446,-0.00097200296328
2023-12-29,-0.000541461719335,-0.000530238834014,1.12228853216e-05
2024-01-02,-0.00348804092664,-0.00277318597728,0.000714854949366
2024-01-03,0.00265318835724,0.000547148173312,-0.00210604018392
2024-01-04,-0.00498943772179,-0.00280293424887,0.00218650347292
2024-01-05,-0.0013430263464,-0.000314382225398,0.001028644121
2024-01-08,0.000537475512056,0.000733553170161,0.000196077658104
2024-01-09,-0.000455432546633,-0.00143188336084,-0.000976450814207
2024-01-10,-0.000382991539506,-0.000751691166776,-0.00036869962727
2024-01-11,0.000486847413928,0.000300204586439,-0.000186642827489
2024-01-12,0.00179891638095,0.00219579927881,0.000396882897862
2024-01-16,-0.00853627865554,-0.00295648930208,0.00557978935346
2024-01-17,-0.00147101919416,-4.98200895183e-05,0.00142119910464
2024-01-18,-0.00373417525561,-0.00134973912024,0.00238443613537
2024-01-19,-0.000345205821334,-0.000573951392598,-0.000228745571264
2024-01-22,0.00190648881556,0.000718744395853,-0.0011877444197
2024-01-23,-3.19109718612e-05,0.00103472475726,0.00106663572912
2024-01-24,0.000842397967052,-0.000117683088352,-0.000960081055405
2024-01-25,-0.004964857966,-0.00133760976971,0.00362724819628
2024-01-26,0.00361088452409,0.00266002088184,-0.000950863642254
2024-01-29,0.000846435510787,0.000376009060463,-0.000470426450323
2024-01-30,-0.000109266704075,-0.000690662021285,-0.00058139531721
2024-01-31,0.00548548039591,0.00473598901417,-0.000749491381736
2024-02-01,0.00367289140419,0.00266755608713,-0.00100533531706
2024-02-02,-0.00132252750545,-0.000765881515081,0.000556645990366
2024-02-05,-0.000864769570862,-0.00182414158392,-0.000959372013055
2024-02-06,0.00155662446708,0.000853278670323,-0.000703345796757
2024-02-07,-0.00206631315449,-0.00179008899127,0.000276224163225
2024-02-08,0.00146287759502,-0.000498511615899,-0.00196138921092
2024-02-09,-0.00124906757773,1.41999211036e-05,0.00126326749884
2024-02-12,0.00311775502652,0.00272310019461,-0.000394654831904
2024-02-13,1.3111694301e-05,-0.000267022802013,-0.000280134496313
2024-02-14,-0.000741307704702,-0.000349546424339,0.000391761280363
2024-02-15,-0.00270001136218,-0.0037517554392,-0.00105174407702
2024-02-16,-0.00234017232668,-0.00224157443492,9.85978917646e-05
2024-02-20,0.000723423183659,-0.000276359378142,-0.000999782561801
2024-02-21,-0.000815357868483,0.000716685484123,0.00153204335261
2024-02-22,0.000143278731618,-0.00133916867028,-0.0014824474019
2024-02-23,-0.000465416028577,-0.0007064124038,-0.000240996375224
2024-02-26,-0.00298786383447,-0.00241828904134,0.000569574793128
2024-02-27,-0.00198536089902,-0.00102060383542,0.000964757063603
2024-02-28,-0.00176711374039,-0.00186209318689,-9.49794465046e-05
2024-02-29,-0.00241065309002,-0.00195253953003,0.000458113559988
2024-03-01,-0.00298643595694,-0.0019831714877,0.00100326446924
2024-03-04,-0.00483973974332,-0.00515799547946,-0.00031825573614
2024-03-05,-0.0106652188796,-0.00563135431908,0.00503386456057
2024-03-06,-0.00213210516698,-0.0012520804792,0.000880024687777
2024-03-07,0.00105206704511,7.74817034137e-05,-0.000974585341696
2024-03-08,0.00351239681866,0.00495636991627,0.00144397309762
2024-03-11,0.00362927644334,0.00394003642164,0.000310759978299
2024-03-12,0.000698969330474,-0.00156036403935,-0.00225933336983
2024-03-13,-0.00141660334905,0.0015072093399,0.00292381268895
2024-03-14,-0.00300257276105,-0.00279508007125,0.000207492689799
2024-03-15,-0.000429986744642,0.000102570937379,0.000532557682021
2024-03-18,-0.000355702515129,-0.000333702128779,2.20003863503e-05
2024-03-19,-0.0010117894195,-0.000698435893869,0.000313353525626
2024-03-20,0.00148107464952,0.00064349266805,-0.000837581981465
2024-03-21,-0.00180186319101,-0.00139886487478,0.000402998316232
2024-03-22,-0.00108333508288,-0.000383055877617,0.000700279205264
2024-03-25,-0.000727234043806,9.9925911841e-05,0.000827159955647
2024-03-26,-0.000234151616,-0.000641112191106,-0.000406960575106
2024-03-27,-0.00363205245528,-0.00187609941052,0.00175595304477
2024-03-28,-0.00200650453072,-0.00139434512708,0.000612159403638
2024-04-01,0.000135620222553,-0.000249821895801,-0.000385442118354
2024-04-02,-0.00371839513888,-0.00255166754927,0.00116672758962
2024-04-03,-0.00116428190106,-0.00093543556146,0.000228846339604
2024-04-04,0.0006083981611,0.000433007965862,-0.000175390195238
2024-04-05,-0.00274792143974,-0.00127229665645,0.00147562478329
2024-04-08,0.0017679571469,0.000974549179622,-0.000793407967276
2024-04-09,0.000820896368754,0.000315323133093,-0.000505573235661
2024-04-10,-0.00422571396766,-0.00175846520678,0.00246724876088
2024-04-11,-0.000942495028913,-0.000908146496316,3.43485325961e-05
2024-04-12,-0.00183603617249,-0.00171576855582,0.000120267616672
2024-04-15,0.00592605148399,0.00358801666868,-0.00233803481532
2024-04-16,-0.000511119566654,0.000446954764492,0.000958074331145
2024-04-17,-0.000336873901506,-0.00110272293243,-0.000765849030922
2024-04-18,0.00159909664803,0.00129309676322,-0.00030599988481
2024-04-19,0.00155029894413,0.000732377202976,-0.000817921741157
2024-04-22,0.000215195168822,-0.000645676949138,-0.00086087211796
2024-04-23,0.00102240641798,0.000667586429631,-0.000354819988352
2024-04-24,-0.00295935177588,-0.00283727712938,0.000122074646498
2024-04-25,-0.000706070650391,-0.000376481493622,0.000329589156769
2024-04-26,0.000389628944928,0.000321318203233,-6.83107416952e-05
2024-04-29,-0.000853240529569,-0.00065723371772,0.000196006811849
2024-04-30,0.000163222342642,0.000627152946834,0.000463930604192
2024-05-01,0.00174962487175,0.00102339327364,-0.000726231598103
2024-05-02,-0.00275639042799,-0.00235587231277,0.000400518115219
2024-05-03,-0.0052064299394,-0.00489657258997,0.000309857349431
2024-05-06,-0.000666162437456,-0.00053030316937,0.000135859268086
2024-05-07,0.00045742660405,0.000424839788003,-3.25868160467e-05
2024-05-08,-0.000579064543749,-0.0018776676613,-0.00129860311755
2024-05-09,0.00108575604182,-0.00167871265556,-0.00276446869738
2024-05-10,0.00106174098897,0.000420296445413,-0.00064144454356
2024-05-13,-0.000877378864501,-0.000415279630403,0.000462099234098
2024-05-14,-0.000481757943229,-0.00080286202096,-0.00032110407773
2024-05-15,4.98371106017e-05,0.00114415135915,0.00109431424855
2024-05-16,0.0035394015879,0.00128739911818,-0.00225200246972
2024-05-17,0.000449748739948,-0.000255207108902,-0.000704955848851
2024-05-20,-0.000819372041025,0.00073025812937,0.0015496301704
2024-05-21,-0.00267378688034,-0.00349721013871,-0.000823423258366
2024-05-22,-0.00423621587888,-0.00435620500524,-0.000119989126368
2024-05-23,-0.000353602833779,-0.000218432425515,0.000135170408264
2024-05-24,-0.000990174800755,-0.00170638054,-0.000716205739245
2024-05-28,0.00348379484624,0.00269574418182,-0.000788050664423
2024-05-29,-0.000518345694351,0.000447407954355,0.000965753648707
2024-05-30,5.43857295814e-05,0.000607504207618,0.000553118478037
2024-05-31,0.0010166979436,-0.00017285251957,-0.00118955046317
2024-06-03,0.00472822028839,0.00204165602268,-0.00268656426571
2024-06-04,0.00378717130881,0.000175842573488,-0.00361132873532
2024-06-05,0.00285432381379,0.00172825794523,-0.00112606586857
2024-06-06,0.00101667243449,0.00108299300534,6.63205708451e-05
2024-06-07,0.00334973268871,0.00348777661951,0.000138043930797
2024-06-10,0.0019655100275,-0.000326308917939,-0.00229181894544
2024-06-11,-0.00337086451467,0.00129673515927,0.00466759967394
2024-06-12,0.00247089834058,0.0057964542619,0.00332555592133
2024-06-13,0.00135617415838,0.000510028241095,-0.000846145917283
2024-06-14,0.00204838014696,0.00210161143113,5.32312841666e-05
2024-06-17,-0.00104198111023,-0.000701506413389,0.000340474696837
2024-06-18,0.00391423232195,0.000776282901388,-0.00313794942056
2024-06-20,0.00591928208016,0.00466378063958,-0.00125550144059
2024-06-21,0.00288497403304,0.00182386845231,-0.00106110558073
2024-06-24,0.000718990054976,0.00219855303774,0.00147956298277
2024-06-25,0.00118656530642,0.00130616773414,0.000119602427719
2024-06-26,0.00345037761022,0.00219799126436,-0.00125238634586
2024-06-27,-0.0012649664973,-0.000371407681987,0.000893558815311
2024-06-28,0.00621989184836,0.00614414641189,-7.57454364759e-05
2024-07-01,0.000682791542619,0.000269550500736,-0.000413241041883
2024-07-02,-0.00167417185163,-0.00188473643143,-0.000210564579799
2024-07-03,-0.000177004885453,0.000264143953246,0.000441148838699
2024-07-05,0.00177645278667,0.0011842883187,-0.000592164467968
2024-07-08,-0.00119860825166,0.000530656884214,0.00172926513587
2024-07-09,-0.0101487857023,-0.00727817506643,0.00287061063592
2024-07-10,0.000779106357054,0.00173970598847,0.000960599631412
2024-07-11,0.00683050292198,0.00489469505904,-0.00193580786293
2024-07-12,-0.00177137383906,-0.00255413823426,-0.000782764395208
2024-07-15,0.00156966715169,0.00169429737622,0.000124630224526
2024-07-16,-0.00422154875609,-0.00231472373157,0.00190682502452
2024-07-17,-0.00241785587308,-0.00164678137093,0.000771074502153
2024-07-18,0.00117354973113,2.91618327617e-05,-0.00114438789836
2024-07-19,0.00127752314739,0.0015143863586,0.000236863211212
2024-07-22,0.00108199757808,0.00129424002163,0.000212242443555
2024-07-23,-0.00159969850364,-0.00199722385321,-0.000397525349569
2024-07-24,-5.21117084005e-05,-2.24813128321e-05,2.96303955684e-05
2024-07-25,0.000573047055295,-0.00269183477679,-0.00326488183209
2024-07-26,-0.000804473048764,-0.000834176224979,-2.97031762144e-05
2024-07-29,0.000514329155401,0.00368909588728,0.00317476673188
2024-07-30,-0.00292687362085,-0.00360214314096,-0.000675269520111
2024-07-31,0.00280367392601,-0.000159817090179,-0.00296349101619
2024-08-01,-0.00206137621647,-0.00253323392929,-0.000471857712824
2024-08-02,-0.00186207002502,-0.00449293052469,-0.00263086049967
2024-08-05,0.000632175503208,0.000260642578509,-0.000371532924698
2024-08-06,-0.00065896592146,-0.0014631177966,-0.000804151875143
2024-08-07,0.00209869617748,-0.000127167252247,-0.00222586342973
2024-08-08,-0.000694684077999,-0.00263755459125,-0.00194287051325
2024-08-09,-0.000464138888169,-0.00161216677131,-0.00114802788314
2024-08-12,-0.00242162416578,-0.00177245478093,0.000649169384855
2024-08-13,0.00390824704568,-0.00207415555701,-0.00598240260269
2024-08-14,0.000165883981023,-0.000146219182762,-0.000312103163784
2024-08-15,0.00068838444679,0.00215689715804,0.00146851271125
2024-08-16,0.000339318331521,0.00047677031006,0.000137451978539
2024-08-19,0.00234339759771,-0.000487459767838,-0.00283085736555
2024-08-20,-0.00133616182741,-0.00179527979105,-0.000459117963646
2024-08-21,-0.00233286885448,-0.00352878783468,-0.0011959189802
2024-08-22,0.000347171202931,0.000926576461921,0.00057940525899
2024-08-23,0.00143003985255,0.000851942367448,-0.000578097485098
2024-08-26,0.00246698699458,0.00136913170705,-0.00109785528753
2024-08-27,-0.000206063255891,-0.000673224293147,-0.000467161037256
2024-08-28,8.0808715583e-05,-0.000592689507673,-0.000673498223256
2024-08-29,0.00133362653155,0.00142519966061,9.15731290623e-05
2024-08-30,-0.000953526368095,-0.000978465273439,-2.49389053442e-05
2024-09-03,0.00218331926472,0.00143531474385,-0.000748004520869
2024-09-04,-0.000397272005624,0.000168548617208,0.000565820622833
2024-09-05,0.00150607916375,0.00315521492251,0.00164913575877
2024-09-06,0.00132817140108,0.00397790455186,0.00264973315078
2024-09-09,0.00138521682651,0.000515770394436,-0.000869446432075
2024-09-10,-0.0150938558295,-0.00814435432311,0.00694950150638
2024-09-11,-0.00281391429005,-0.00149757962118,0.00131633466887
2024-09-12,-0.00427315131322,-0.00352402423646,0.000749127076761
2024-09-13,-0.000403450943532,-0.00142361438805,-0.00102016344452
2024-09-16,0.000353270405407,-0.00254317763914,-0.00289644804455
2024-09-17,0.00828510407503,0.00448924835727,-0.00379585571775
2024-09-18,0.00140786325708,0.00107043542856,-0.000337427828517
2024-09-19,0.00117998915186,0.00316307060457,0.00198308145271
2024-09-20,-0.000445249718154,-0.00108319191348,-0.000637942195326
2024-09-23,0.000749652665196,0.00241468662031,0.00166503395512
2024-09-24,-0.00083472758765,-0.0012575965662,-0.000422868978546
2024-09-25,0.00608410945302,0.0033331216841,-0.00275098776892
2024-09-26,0.00392513777153,0.00214206761903,-0.0017830701525
2024-09-27,0.00101910791144,0.000713837387308,-0.000305270524127
2024-09-30,-0.000822855402474,-0.00071004855172,0.000112806850754
2024-10-01,0.00164777248959,0.00108251764328,-0.000565254846306
2024-10-02,-0.000780734654187,-0.000391720823898,0.00038901383029
2024-10-03,-0.0022946857134,-0.0026702172994,-0.000375531585997
2024-10-04,-0.00116882281044,0.00201336995672,0.00318219276716
2024-10-07,-0.002929716215,-0.00243256286774,0.000497153347258
2024-10-08,0.00844434567106,0.0063860618626,-0.00205828380846
2024-10-09,0.001422867693,0.000319267867029,-0.00110359982597
2024-10-10,-0.000660427309204,0.000951871917287,0.00161229922649
2024-10-11,-0.000855375084935,-0.00157176581305,-0.000716390728119
2024-10-14,-0.00110184579944,-0.000601096674632,0.000500749124807
2024-10-15,-0.0052663983718,-0.00479935109269,0.000467047279106
2024-10-16,-0.000330939654616,-0.000409455420048,-7.85157654322e-05
2024-10-17,0.000467146823207,0.000214966243349,-0.000252180579857
2024-10-18,-0.00149839137213,-0.00149028710108,8.10427104259e-06
2024-10-21,0.00235710364504,0.00193671001986,-0.000420393625172
2024-10-22,-0.00217791870485,-0.00207562271453,0.000102295990327
2024-10-23,0.00128653099927,0.00167748156089,0.000390950561622
2024-10-24,1.53095119306e-05,-0.000877944284274,-0.000893253796205
2024-10-25,-0.00217115081757,-0.00127849633376,0.000892654483809
2024-10-28,-0.00189832690471,-0.00261355587025,-0.000715228965537
2024-10-29,-0.00106828660782,-0.00163040927487,-0.000562122667055
2024-10-30,-0.00289413238825,-0.0030440559566,-0.000149923568353
2024-10-31,0.000508337657663,0.00182714297687,0.00131880531921
2024-11-01,4.83019412856e-05,-0.000374893276865,-0.00042319521815
2024-11-04,0.000270674051824,0.00145826714504,0.00118759309322
2024-11-05,-0.00140638598555,-0.00197962398467,-0.000573237999114
2024-11-06,-0.00369745330372,0.00273417765202,0.00643163095575
2024-11-07,-0.000127923014804,-0.00436474850777,-0.00423682549296
2024-11-08,-0.00169224690666,-0.00477990503272,-0.00308765812605
2024-11-11,-0.000889585206406,-0.00109268029332,-0.00020309508691
2024-11-12,0.00125959312183,0.00210131505426,0.000841721932435
2024-11-13,0.00213260948895,0.00359726379048,0.00146465430153
2024-11-14,2.99393619896e-07,0.00227769102639,0.00227739163277
2024-11-15,0.00167587503153,0.00258604017951,0.000910165147988
2024-11-18,-0.000855623505471,0.00110891709741,0.00196454060288
2024-11-19,0.00539178892153,0.00277736498758,-0.00261442393395
2024-11-20,0.00835866764445,0.0065422169203,-0.00181645072415
2024-11-21,-0.000767586416839,-0.000493661540233,0.000273924876607
2024-11-22,0.00264000664928,0.00191094850281,-0.000729058146471
2024-11-25,0.00429939290693,0.00141856829463,-0.0028808246123
2024-11-26,-0.00425007847519,-0.00263343755814,0.00161664091705
2024-11-27,0.00264610777979,0.00144962705721,-0.00119648072258
2024-11-29,0.00140737208431,0.00203525668664,0.000627884602333
2024-12-02,-0.00206538882719,-0.00246238881171,-0.000396999984527
2024-12-03,-0.00175941346118,-0.00033126396278,0.0014281494984
2024-12-04,-0.00529115271048,-0.00109832467326,0.00419282803722
2024-12-05,-0.000746716386756,-0.000524787587745,0.000221928799011
2024-12-06,-0.000782679076237,0.00261562655703,0.00339830563326
2024-12-09,0.000491368499673,0.00198405489125,0.00149268639158
2024-12-10,-0.000640358885449,-0.00165263705791,-0.00101227817246
2024-12-11,-0.00163310770209,-0.000516964810704,0.00111614289138
2024-12-12,-0.00641920304241,-0.00537511489677,0.00104408814564
2024-12-13,0.000217692971084,0.000503585277267,0.000285892306182
2024-12-16,-0.00577463079705,-0.00570518019565,6.94506013985e-05
2024-12-17,-0.00303148311646,-0.00152249592459,0.00150898719188
2024-12-18,0.00248093036118,0.00167760209691,-0.000803328264264
2024-12-19,-0.0045037234389,-0.00398777823217,0.000515945206737
2024-12-20,-0.00216782847858,-0.00213351088156,3.43175970173e-05
2024-12-23,-0.00115800079573,-0.00165182004429,-0.000493819248553
2024-12-24,0.00121332101199,0.000183151645766,-0.00103016936622
2024-12-26,2.18992131746e-05,-0.000744539922658,-0.000766439135833
2024-12-27,-0.000330765321309,-5.01830026094e-05,0.000280582318699
2024-12-30,-0.000516686620524,-0.00044463982016,7.20468003638e-05
2024-12-31,-0.00215246652056,-0.000676536606977,0.00147592991358
2025-01-02,-0.00359106736261,-0.00165338886875,0.00193767849387
2025-01-03,-0.000163480333557,0.000202916255428,0.000366396588986
2025-01-06,-0.000724699439265,-0.000358507548772,0.000366191890493
2025-01-07,-0.00436643901648,-0.00240426324807,0.00196217576841
2025-01-08,0.00261449248417,0.00221961426152,-0.000394878222658
2025-01-10,-0.00527177229115,-0.00539066887543,-0.000118896584286
2025-01-13,-0.00199637548359,0.00121430554909,0.00321068103267
2025-01-14,0.000829431719318,0.0012049166285,0.000375484909185
2025-01-15,-0.000874585846747,0.00141889869486,0.0022934845416
2025-01-16,-0.00180335409955,-0.00223812271365,-0.000434768614098
2025-01-17,-0.00324750372818,-0.000770062722882,0.0024774410053
2025-01-21,0.000419224892001,-0.00150416191115,-0.00192338680316
2025-01-22,0.0058263478425,0.0037915106484,-0.00203483719409
2025-01-23,-5.71532929351e-05,-0.000620078076955,-0.00056292478402
2025-01-24,-0.000575878948081,-0.000348901863856,0.000226977084225
2025-01-27,0.00782026730274,0.00729897392014,-0.000521293382598
2025-01-28,-0.000920671133119,0.000768283561495,0.00168895469461
2025-01-29,-0.00404134420727,-0.000295130120413,0.00374621408686
2025-01-30,0.00511138633937,0.00670727431036,0.00159588797099
2025-01-31,-0.0025379231425,-0.00153004095321,0.0010078821893
2025-02-03,-0.0030533577242,-0.00186004938275,0.00119330834146
2025-02-04,0.000658199109313,-0.000672065249949,-0.00133026435926
2025-02-05,-0.00107359281158,-1.72327200814e-05,0.0010563600915
2025-02-06,0.00238654332245,0.00179520549075,-0.000591337831694
2025-02-07,-0.00183915203888,-0.00216633759191,-0.00032718555303
2025-02-10,-0.00285781603217,-0.00228089198357,0.000576924048596
2025-02-11,-0.0002261203032,0.000198118578106,0.000424238881306
2025-02-12,-0.000714062352257,-0.000914602243693,-0.000200539891435
2025-02-13,-0.0018440082278,-0.00131561198468,0.000528396243116
2025-02-14,-2.24649334982e-05,0.000196029566841,0.000218494500339
2025-02-18,0.000139484280653,-0.00122037317445,-0.0013598574551
2025-02-19,0.00190823011106,0.0011935149699,-0.000714715141164
2025-02-20,0.000581478799011,0.00185713298938,0.00127565419037
2025-02-21,-0.00624908732257,-0.00371911475287,0.0025299725697
2025-02-24,-0.00348390342953,-0.0036360927056,-0.000152189276071
2025-02-25,0.00698647007918,0.00797296452253,0.000986494443352
2025-02-26,-0.000970893916854,-0.000592983412097,0.000377910504757
2025-02-27,0.0050773891118,0.00190788331072,-0.00316950580108
2025-02-28,0.00343696216543,0.00253368942646,-0.000903272738972
2025-03-03,-0.0111132063219,-0.00504655454966,0.00606665177222
2025-03-04,0.00814440148301,0.00549650681268,-0.00264789467033
2025-03-05,-0.00382154323151,-0.000965679608072,0.00285586362344
2025-03-06,-0.00150513911656,-0.0020013492319,-0.000496210115335
2025-03-07,0.00465099544121,0.00450203910273,-0.000148956338474
2025-03-10,0.00108710184127,-0.000230335646271,-0.00131743748754
2025-03-11,0.00744768049319,0.00722544288826,-0.000222237604926
2025-03-12,-0.00523654253161,-0.00209668196187,0.00313986056973
2025-03-13,-0.00520218027774,-0.00327677374951,0.00192540652823
2025-03-14,-0.00223369534013,-0.000859719760104,0.00137397558002
2025-03-17,-0.000910611293933,-0.000851792423559,5.88188703743e-05
2025-03-18,-0.00365393187309,-0.00155370811228,0.00210022376081
2025-03-19,-0.000818218137445,0.000109902375276,0.000928120512721
2025-03-20,-0.00354138874975,-0.00261876702833,0.000922621721414
2025-03-21,-0.000526653462043,-0.000859825175076,-0.000333171713032
2025-03-24,0.00217757692888,0.00154391935621,-0.000633657572667
2025-03-25,-0.0032133124527,-6.0275345164e-05,0.00315303710753
2025-03-26,-0.000497022446596,0.000949105642963,0.00144612808956
2025-03-27,-0.000693737531416,-0.000461188682018,0.000232548849398
2025-03-28,0.00241692675286,0.00263797743139,0.000221050678534
2025-03-31,-0.00238495411067,-0.00144283031351,0.000942123797156
2025-04-01,-0.00541567550377,-0.00433606490919,0.00107961059459
2025-04-02,0.000833467956818,0.000751207156243,-8.22608005746e-05
2025-04-03,-0.00132065445286,-0.00275764916452,-0.00143699471166
2025-04-04,-0.00308605386529,-0.00262242647544,0.000463627389851
2025-04-07,-0.00163309612408,0.0011559548277,0.00278905095178
2025-04-08,-0.00988069774795,-0.00749502891714,0.00238566883081
2025-04-09,0.00414655443577,0.00643131362764,0.00228475919187
2025-04-10,-0.0175084105111,-0.0173769221618,0.000131488349353
2025-04-11,0.00215014899621,0.00207699327981,-7.31557163998e-05
2025-04-14,0.000352090590189,-0.00166656454638,-0.00201865513657
2025-04-15,-0.000475016534413,-0.000536937001368,-6.19204669559e-05
2025-04-16,0.00411690218386,0.00447836375918,0.000361461575312
2025-04-17,0.00388137255875,0.0023678236066,-0.00151354895215
2025-04-21,0.00119304234764,-0.000562462824957,-0.00175550517259
2025-04-22,-0.00120379701975,-0.00102938173143,0.00017441528832
2025-04-23,0.00187501714671,0.00335032745584,0.00147531030914
2025-04-24,-0.000487616003958,-0.00224533153148,-0.00175771552753
2025-04-25,-0.000877971853191,0.00111353179494,0.00199150364813
2025-04-28,0.000179288874151,0.000675359248026,0.000496070373875
2025-04-29,-0.00428651207427,-0.00270068107539,0.00158583099888
2025-04-30,-0.0037731971537,-0.00429433356731,-0.000521136413608
2025-05-01,-0.0021729635829,-4.35708169353e-05,0.00212939276597
2025-05-02,8.68467288417e-06,0.000412245698168,0.000403561025284
2025-05-05,-0.00476002063605,-0.00518202865295,-0.000422008016901
2025-05-06,0.00309792788211,0.00448779179403,0.00138986391192
2025-05-07,-0.00095352879376,-0.000692203637687,0.000261325156073
2025-05-08,0.000389481919535,0.000300026916491,-8.94550030437e-05
2025-05-09,-0.000753021666827,-7.30641167896e-05,0.000679957550038
2025-05-12,0.00726603870781,0.00504315540322,-0.00222288330459
2025-05-13,-0.00429383896613,-0.00462355415585,-0.000329715189714
2025-05-14,0.000413928477502,0.000220657363151,-0.000193271114351
2025-05-15,-0.0123459951073,-0.000245499219663,0.0121004958876
2025-05-16,0.00614498916262,-0.000140436149977,-0.0062854253126
2025-05-19,0.00649099907313,-0.000396966965135,-0.00688796603827
2025-05-20,0.0011849243168,-0.00130040683115,-0.00248533114796
2025-05-21,-0.00504389572454,-0.00194186779323,0.00310202793131
2025-05-22,-0.000916890817967,-0.00103458790093,-0.000117697082959
2025-05-23,-0.000825600736154,-0.0019079084315,-0.00108230769534
2025-05-27,-0.00145874433337,-0.0023890210012,-0.000930276667833
2025-05-28,-5.9711810084e-05,0.00120351395706,0.00126322576715
2025-05-29,0.000749525349932,0.00191323667794,0.00116371132801
2025-05-30,-0.00160551113109,-0.00125943917453,0.000346071956554
2025-06-02,0.00312766414233,0.00276800702976,-0.000359657112567
2025-06-03,0.00297504273484,0.00244409780442,-0.000530944930421
2025-06-04,-0.000283092571947,0.00019852573662,0.000481618308568
2025-06-05,0.00215684705827,0.0022293985679,7.2551509636e-05
2025-06-06,0.00258850963522,0.00155022724744,-0.00103828238778
2025-06-09,-0.00135242145745,-0.00156095188065,-0.000208530423198
2025-06-10,-0.00451158127392,-0.00274774703023,0.00176383424369
2025-06-11,-0.00286265946736,-0.00237561989808,0.000487039569278
2025-06-12,-0.00392345591628,-0.00473321808525,-0.000809762168972
2025-06-13,-0.00500763181571,-0.00531506506417,-0.000307433248458
2025-06-16,0.00222253533841,0.00308280171246,0.000860266374049
2025-06-17,-0.00169877272599,-0.000922888780068,0.000775883945925
2025-06-18,0.00242560423421,0.0027686396758,0.000343035441588
2025-06-20,0.00385055866474,0.0030322508195,-0.000818307845242
2025-06-23,0.000890893123815,0.000410866286859,-0.000480026836956
2025-06-24,0.0032068823733,0.00178717005672,-0.00141971231658
2025-06-25,-0.00423518256094,-0.00494994778516,-0.000714765224224
2025-06-26,0.00185420860041,0.000993588581063,-0.000860620019342
2025-06-27,-8.14207733625e-05,0.000158183329516,0.000239604102878
2025-06-30,-0.00319745598504,-0.00243286583736,0.000764590147684
2025-07-01,0.00468277395464,0.00306109085666,-0.00162168309798
2025-07-02,0.00233726860013,0.00078346198037,-0.00155380661975
2025-07-03,0.00207935654374,0.00149339901004,-0.000585957533694
2025-07-07,0.00284468747898,0.00360729331824,0.000762605839262
2025-07-08,0.000161069246578,-0.00106847869405,-0.00122954794063
2025-07-09,-0.000724349625179,0.00136560682168,0.00208995644686
2025-07-10,-0.00299165203321,-0.000394486250145,0.00259716578307
2025-07-11,-0.000539543728641,-0.000439246988022,0.000100296740618
2025-07-14,0.00496057777511,0.00294447826459,-0.00201609951052
2025-07-15,0.00164926447107,0.000729864818685,-0.000919399652385
2025-07-16,-0.00124849435944,-0.00145215599543,-0.000203661635998
2025-07-17,-0.00150976634523,-0.000474106455374,0.00103565988985
2025-07-18,-0.00149860452647,-0.00118393491721,0.000314669609252
2025-07-21,0.000702388792663,0.000660001424083,-4.23873685793e-05
2025-07-22,0.00369856909744,0.00209083839799,-0.00160773069945
2025-07-23,0.00356210694299,0.00319310846134,-0.000368998481656
2025-07-24,-0.00144988017573,0.000692644960727,0.00214252513646
2025-07-25,0.00111184058858,0.00101580286989,-9.60377186932e-05
2025-07-28,0.00221417435549,0.00228446919627,7.0294840782e-05
2025-07-29,-0.000443057541248,7.77535295033e-05,0.000520811070751
2025-07-30,0.00152778119796,0.000475891742556,-0.0010518894554
2025-07-31,-0.00611888308011,-0.00457028070993,0.00154860237018
2025-08-01,-0.00135578974111,0.000514742346104,0.00187053208722
2025-08-04,-0.00219773338288,-0.002005387325,0.000192346057875
2025-08-05,0.00798274199307,0.00369134058151,-0.00429140141156
2025-08-06,-0.00548598369052,-0.000687222474841,0.00479876121568
2025-08-07,0.000838813974164,0.00108662448534,0.000247810511171
2025-08-08,0.00105474236607,-8.00484932303e-05,-0.0011347908593
2025-08-11,-0.000789833161506,-0.000181372245431,0.000608460916074
2025-08-12,0.000114347131349,0.000404753297672,0.000290406166323
2025-08-13,0.000178380766546,-0.000391108466152,-0.000569489232698
2025-08-14,-0.000393374845066,-5.72060787474e-05,0.000336168766318
2025-08-15,-0.00276787080695,-0.000397699817506,0.00237017098945
2025-08-18,-0.000690768936908,0.000867297148016,0.00155806608492
2025-08-19,0.000739854719762,-0.00272000720473,-0.00345986192449
2025-08-20,0.00306982535594,0.00165725029538,-0.00141257506056
2025-08-21,-0.0055690813684,-0.0036096655884,0.00195941577999
2025-08-22,-0.00132617424642,-0.00115178957706,0.000174384669366
2025-08-25,-0.0033927662882,-0.00357859035833,-0.00018582407013
2025-08-26,-0.00154767815473,-0.00197955308329,-0.000431874928557
2025-08-27,0.000346411839161,0.000658685467783,0.000312273628621
2025-08-28,-0.00163691504327,-0.00130258425483,0.000334330788439
2025-08-29,-0.00289835919873,-0.00214593264906,0.000752426549677
2025-09-02,0.00216521506199,0.00278646678148,0.000621251719488
2025-09-03,0.00215188090509,-0.00040745573462,-0.00255933663971
2025-09-04,-0.000627605086025,0.000199324214274,0.000826929300299
2025-09-05,0.001256864263,0.000585849959919,-0.000671014303082
2025-09-08,-0.00318714235547,-0.00195738299177,0.0012297593637
2025-09-09,0.0015773487367,0.00296418406073,0.00138683532402
2025-09-10,-0.00849867775814,-0.00733593207456,0.00116274568359
2025-09-11,-0.00270153585813,-0.00291309115081,-0.00021155529268
2025-09-12,0.00456130189965,0.00493946878384,0.000378166884194
2025-09-15,-0.00322557472952,-0.00213942452647,0.00108615020306
2025-09-16,0.0041851992172,0.00260924154148,-0.00157595767572
2025-09-17,-0.00278417889796,-0.00260385583806,0.000180323059893
2025-09-18,0.00308167026843,0.0029073819197,-0.00017428834873
2025-09-19,-0.00120214950285,-0.00182501025792,-0.000622860755075
2025-09-22,-0.00145902999964,-0.00272913341217,-0.00127010341254
2025-09-23,0.00221977381217,0.00160666934502,-0.000613104467149
2025-09-24,0.00439017595247,0.0032010370951,-0.00118913885738
2025-09-25,-0.00635619206073,-0.00332056759091,0.00303562446982
2025-09-26,-0.000906645531236,-0.000255346288232,0.000651299243004
2025-09-29,0.00287676559006,0.00183650060604,-0.00104026498402
2025-09-30,0.00550771357087,0.00314015285308,-0.00236756071779
2025-10-01,0.00308078076553,0.00268942494846,-0.000391355817066
2025-10-02,0.000451348407625,0.00174081621485,0.00128946780723
2025-10-03,-0.000523599926539,-0.0012513411998,-0.000727741273259
2025-10-06,0.00355711507778,0.00459298671277,0.00103587163499
2025-10-07,0.00203217088238,0.00242647927863,0.000394308396252
2025-10-08,-0.000973168372389,-0.00104177502634,-6.86066539464e-05
2025-10-09,0.000172980634147,-0.000403414020406,-0.000576394654553
2025-10-10,0.00535499495357,0.00327610180408,-0.0020788931495
2025-10-13,-0.00168763313464,-0.00056632656578,0.00112130656886
2025-10-14,0.000760490622411,-0.00092119904597,-0.00168168966838
2025-10-15,-0.00178818157149,-0.00141649534043,0.000371686231068
2025-10-16,-0.000410380776779,-0.000526660559982,-0.000116279783202
2025-10-17,0.00133969017944,0.00109504160372,-0.000244648575714
2025-10-20,0.00568850101738,0.0036336559513,-0.00205484506608
2025-10-21,-0.00250124660322,-0.00248765263734,1.35939658786e-05
2025-10-22,6.92803483868e-05,-0.000800393679035,-0.000869674027422
2025-10-23,0.00238251287284,0.00189470418366,-0.000487808689176
2025-10-24,0.00191178000932,0.00200695956974,9.51795604109e-05
2025-10-27,-0.00373034503401,-0.00428619739994,-0.000555852365935
2025-10-28,-0.00164417334792,-0.00170524322484,-6.10698769234e-05
2025-10-29,-0.00197206436556,0.00137285664805,0.00334492101362
2025-10-30,0.00021861110826,0.00164343903515,0.00142482792689
2025-10-31,-0.000256132805933,0.00015158074753,0.000407713553464
2025-11-03,-0.00143253197733,-0.00130963961362,0.000122892363709
2025-11-04,-0.00207955830709,-0.00171368778338,0.000365870523718
2025-11-05,0.00550035345244,0.00512236963794,-0.000377983814503
2025-11-06,-0.0052982530472,-0.00499226268325,0.000305990363952
2025-11-07,0.000726337982567,0.00113194708076,0.00040560909819
2025-11-10,7.98681589773e-05,4.54108958485e-05,-3.44572631288e-05
2025-11-11,-0.00145691623062,-0.000875802094593,0.000581114136031
2025-11-12,-0.00350354182358,-0.00301164075263,0.000491901070945
2025-11-13,-0.000506672380849,0.0023804826889,0.00288715506975
2025-11-14,0.00447281847,0.0033551319882,-0.0011176864818
2025-11-17,-0.00436123217306,-0.00369569720608,0.000665534966978
2025-11-18,-0.00667575631304,-0.00565620895247,0.00101954736057
2025-11-19,0.000705177134862,0.000103010599105,-0.000602166535757
2025-11-20,0.00291232517772,0.000330860193313,-0.0025814649844
2025-11-21,0.00465817829498,0.00466955868751,1.13803925268e-05
2025-11-24,-0.00457861516737,-0.00516418441931,-0.000585569251939
2025-11-25,-0.00358320190946,-0.000331827380731,0.00325137452872
2025-11-26,0.00396636465,0.00461752497387,0.000651160323863
2025-11-28,0.00113498436883,0.000663010463114,-0.000471973905716
2025-12-01,0.00445556849632,0.00195430077616,-0.00250126772016
2025-12-02,-0.000470700188515,0.00165512849778,0.00212582868629
2025-12-03,0.0048076035058,0.00383138474765,-0.000976218758149
2025-12-04,0.00205264521632,0.00215796060638,0.000105315390059
2025-12-05,-0.000850095328079,-0.00152882875463,-0.00067873342655
2025-12-08,0.00121978741222,0.00102233948075,-0.000197447931472
2025-12-09,-0.00429780964601,-0.00338040980929,0.000917399836725
2025-12-10,-0.00272608102941,-0.00320426505406,-0.00047818402465
2025-12-11,0.00495477789313,-0.000843097315138,-0.00579787520827
2025-12-12,0.00469796764913,0.00291032913072,-0.00178763851841
2025-12-15,-0.00289819014304,-0.00104034550256,0.00185784464048
2025-12-16,0.00313953794959,8.17266998188e-06,-0.00313136527961
2025-12-17,-0.00426251098559,-0.000510840781441,0.00375167020415
2025-12-18,-0.000917103885303,6.22588311121e-05,0.000979362716415
2025-12-19,0.0055116544372,0.001641942108,-0.0038697123292
2025-12-22,0.00379914603846,0.0012596813939,-0.00253946464455
2025-12-23,0.00205994224828,0.00169048967512,-0.00036945257316
2025-12-24,0.000128956752347,-0.000838899466935,-0.000967856219282
2025-12-26,0.00280394098136,0.00114691391377,-0.00165702706758
2025-12-29,0.000565075913989,0.000643916751979,7.88408379893e-05
2025-12-30,3.78834934625e-05,0.00079924674007,0.000761363246607
2025-12-31,-0.000731330623591,-0.000631076948303,0.000100253675288
