phase,year,baseline_return,graph_return,mean_daily_difference
development,2010,-0.0459486316434,-0.0560378282932,-4.23892753581e-05
development,2011,-0.0431034530729,-0.0603244831873,-7.2566801806e-05
development,2012,-0.0784226033928,-0.0754528011976,1.25976190359e-05
development,2013,-0.00768738462835,-0.0289388588467,-8.59727554563e-05
development,2014,-0.0425005173277,-0.0371659098303,2.16754819413e-05
development,2015,-0.0172507349189,-0.0352963240675,-7.41349874817e-05
development,2016,0.0210384000819,-0.0106886421323,-0.00012555283127
validation,2017,-0.0360419498011,-0.0238100305411,4.98682004712e-05
validation,2018,-0.0834643807087,-0.0719343358635,4.92070276298e-05
validation,2019,-0.0542084540351,-0.0613261628883,-3.06296661521e-05
