phase,model,trading_cost_bps,annual_borrow_rate,purpose,days,total_return,annualised_return,annualised_volatility,sharpe_zero_cash_rate,maximum_drawdown,realized_market_beta,mean_turnover,mean_gross_exposure,trading_cost,borrow_cost,max_abs_net_exposure,max_abs_estimated_beta,max_position,annualised_arithmetic_gross,annualised_arithmetic_net,annualised_trading_drag,annualised_borrow_drag
development,baseline,0,0.02,primary,1762,0.151162555898,0.0203372015484,0.0316640918479,0.651685251218,-0.0587002575922,0.0201979677012,0.410090592346,0.627796802947,0,4527.03867678,2.41473507856e-15,2.28983498829e-15,0.08,0.0269222498674,0.0206350216505,0,0.00628722821695
development,baseline,5,0.02,primary,1762,-0.197878006429,-0.0310429366798,0.0317050994656,-0.978723941437,-0.249927357688,0.0202215285101,0.410044139389,0.627796802947,31166.3328181,3796.49777685,2.41473507856e-15,2.28983498829e-15,0.08,0.0269222498674,-0.0310305399126,0.0516655615631,0.00628722821695
development,baseline,10,0.02,primary,1762,-0.441087285585,-0.0798358368714,0.0317819695213,-2.60161458917,-0.449452573456,0.0202445488963,0.40999784615,0.627796802947,52755.6077602,3218.60859147,2.41473507856e-15,2.28983498829e-15,0.08,0.0269222498674,-0.0826844355793,0.10331945723,0.00628722821695
development,baseline,20,0.02,primary,1762,-0.728637467617,-0.170174640085,0.0320419478261,-5.80356244316,-0.728960930092,0.0202889838951,0.409905687816,0.627796802947,78046.0314375,2387.54081561,2.41473507856e-15,2.28983498829e-15,0.08,0.0269222498674,-0.185957445009,0.206592466659,0.00628722821695
development,graph_tau_0.5,0,0.02,diffusion sensitivity,1762,0.0219876817951,0.00311543231599,0.0275523226675,0.126671728901,-0.0947204089914,0.0143388811361,0.393075198381,0.601741382417,0,4092.33981168,1.85962356625e-15,1.83186799063e-15,0.08,0.00948220281284,0.00349010034753,0,0.00599210246531
development,graph_tau_0.5,5,0.02,diffusion sensitivity,1762,-0.27714422556,-0.0453555174819,0.0275681636631,-1.66975183586,-0.287448340475,0.0141171009754,0.393032478057,0.601741382417,28599.1083607,3467.95612025,1.85962356625e-15,1.83186799063e-15,0.08,0.00948220281284,-0.0460319918877,0.0495220922352,0.00599210246531
development,graph_tau_0.5,10,0.02,diffusion sensitivity,1762,-0.488721545201,-0.0914843777901,0.0276220130255,-3.45895695968,-0.492608857442,0.0138949537054,0.392989898977,0.601741382417,48843.633796,2968.4177615,1.85962356625e-15,1.83186799063e-15,0.08,0.00948220281284,-0.0955433541948,0.0990334545423,0.00599210246531
development,graph_tau_0.5,20,0.02,diffusion sensitivity,1762,-0.744219099213,-0.177163185586,0.0278425013176,-6.98694739413,-0.744636262489,0.0134495596866,0.3929051436,0.601741382417,73360.4883587,2238.94518457,1.85962356625e-15,1.83186799063e-15,0.08,0.00948220281284,-0.194534092027,0.198024192374,0.00599210246531
development,graph_tau_1,0,0.02,primary,1762,0.0450295774591,0.00631919429804,0.0288914497117,0.232479297524,-0.0921203819937,0.0149902778441,0.404442079531,0.621770610603,0,4278.44809234,1.88737914186e-15,1.85962356625e-15,0.08,0.0129149133683,0.00671666393343,0,0.00619824943489
development,graph_tau_1,5,0.02,primary,1762,-0.268209863234,-0.0436768696913,0.0289128137903,-1.53003029118,-0.279706388352,0.0148776451893,0.404397974888,0.621770610603,29590.3165643,3606.76870317,1.88737914186e-15,1.85962356625e-15,0.08,0.0129149133683,-0.0442374809025,0.0509541448359,0.00619824943489
development,graph_tau_1,10,0.02,primary,1762,-0.487559173013,-0.0911892622544,0.0289699547103,-3.28549181648,-0.491809586724,0.0147646418408,0.404354020071,0.621770610603,50302.0318829,3072.88496785,1.88737914186e-15,1.85962356625e-15,0.08,0.0129149133683,-0.0951805491245,0.101897213058,0.00619824943489
development,graph_tau_1,20,0.02,primary,1762,-0.748721704368,-0.179250575187,0.029190391604,-6.7499504106,-0.749166145788,0.0145375205055,0.404266586758,0.621770610603,74979.5913822,2299.96735443,1.88737914186e-15,1.85962356625e-15,0.08,0.0129149133683,-0.197033695793,0.203750359726,0.00619824943489
development,graph_tau_2,0,0.02,diffusion sensitivity,1762,0.0880383938232,0.012140564081,0.029907560274,0.418451572907,-0.0759164120589,0.0164419217487,0.410342684163,0.631437249963,0,4448.37340702,2.52575738102e-15,2.47024622979e-15,0.08,0.0188273543999,0.0125148656385,0,0.0063124887614
development,graph_tau_2,5,0.02,diffusion sensitivity,1762,-0.242037743159,-0.0388586060634,0.0299370222409,-1.30883204617,-0.259665815443,0.0164306401695,0.410296823128,0.631437249963,30549.1729219,3735.56811216,2.52575738102e-15,2.47024622979e-15,0.08,0.0188273543999,-0.0391825340757,0.0516973997142,0.0063124887614
development,graph_tau_2,10,0.02,diffusion sensitivity,1762,-0.471979759589,-0.0872881696693,0.0300010128162,-3.0288448642,-0.477680711948,0.0164188969224,0.410251108046,0.631437249963,51768.4417689,3171.26074797,2.52575738102e-15,2.47024622979e-15,0.08,0.0188273543999,-0.0908684135891,0.103383279228,0.0063124887614
development,graph_tau_2,20,0.02,diffusion sensitivity,1762,-0.743755446938,-0.176950030571,0.0302313842243,-6.42398262938,-0.7441674918,0.0163940310997,0.410160223725,0.631437249963,76749.92311,2358.73519258,2.52575738102e-15,2.47024622979e-15,0.08,0.0188273543999,-0.194205887119,0.206720752758,0.0063124887614
development,baseline,5,0,borrow sensitivity,1762,-0.161828422378,-0.0249314933078,0.0317025041031,-0.780503433697,-0.224368196835,0.0202211517401,0.4100489141,0.627796802947,31835.7451412,0,2.41473507856e-15,2.28983498829e-15,0.08,0.0269222498674,-0.0247439133092,0.0516661631767,0
development,graph_tau_1,5,0,borrow sensitivity,1762,-0.235794829292,-0.03773038543,0.028909067062,-1.31584340085,-0.249020079744,0.0148822842178,0.404402527672,0.621770610603,30211.6199475,0,1.88737914186e-15,1.85962356625e-15,0.08,0.0129149133683,-0.0380398051183,0.0509547184866,0
development,baseline,5,0.05,borrow sensitivity,1762,-0.24906840118,-0.0401387622491,0.031713066033,-1.27582997705,-0.288258509278,0.0202220937416,0.410036981222,0.627796802947,30197.8093092,9199.28449755,2.41473507856e-15,2.28983498829e-15,0.08,0.0269222498674,-0.040460480309,0.051664659634,0.0157180705424
development,graph_tau_1,5,0.05,borrow sensitivity,1762,-0.3142746736,-0.0525281504303,0.0289225433884,-1.85094355742,-0.324030596787,0.0148706865146,0.404391151827,0.621770610603,28690.7743893,8746.69106588,1.88737914186e-15,1.85962356625e-15,0.08,0.0129149133683,-0.0535339953491,0.0509532851302,0.0154956235872
development,baseline_matched,5,0.02,matched gross control,1762,-0.193327331256,-0.0302586384248,0.0290994685321,-1.04128148277,-0.242610825773,0.0172189782226,0.375366185958,0.576529966552,28596.134314,3488.73439697,2.41473507856e-15,2.28983498829e-15,0.08,0.0227591166744,-0.0303007377409,0.0472961394307,0.00576371498454
development,graph_matched,5,0.02,matched gross control,1762,-0.251262754466,-0.0405404177275,0.0267550383926,-1.53330967586,-0.262621596267,0.0142982756667,0.37578798771,0.576529966552,27864.129598,3398.10756046,1.55431223448e-15,1.63757896132e-15,0.08,0.0120892421905,-0.0410237592455,0.0473492864514,0.00576371498454
validation,baseline,0,0.02,primary,754,-0.0297592419524,-0.0100462523525,0.033463277391,-0.285019064277,-0.0837154876125,0.0175407492495,0.396226470744,0.612901256959,0,1808.68053992,3.52495810318e-15,3.38618022511e-15,0.08,-0.00342562753861,-0.00953767200963,0,0.00611204447101
validation,baseline,5,0.02,primary,754,-0.164391383003,-0.0582578538231,0.0334827223319,-1.77574208302,-0.184932238232,0.0168902547177,0.396182595945,0.612901256959,13735.8202549,1682.17695318,3.52495810318e-15,3.38618022511e-15,0.08,-0.00342562753861,-0.0594566790987,0.0499190070891,0.00611204447101
validation,baseline,10,0.02,primary,754,-0.28034248338,-0.104121811604,0.0335451719878,-3.26022156574,-0.289439017145,0.0162395784969,0.396138972744,0.612901256959,25577.1528981,1567.39982293,3.52495810318e-15,3.38618022511e-15,0.08,-0.00342562753861,-0.109364693141,0.0998270211315,0.00611204447101
validation,baseline,20,0.02,primary,754,-0.466210206615,-0.189258563971,0.0337977211106,-6.1882249993,-0.466529815518,0.0149376797667,0.396052045012,0.612901256959,44585.8514343,1368.28496573,3.52495810318e-15,3.38618022511e-15,0.08,-0.00342562753861,-0.209147902696,0.199610230686,0.00611204447101
validation,graph_tau_0.5,0,0.02,diffusion sensitivity,754,-0.0144403091765,-0.00484959177339,0.0280982513123,-0.15898553527,-0.0638218542969,0.00889052305871,0.392181738763,0.597070383643,0,1799.90334973,1.22124532709e-15,1.17614251671e-15,0.08,0.00151929208757,-0.00446721552503,0,0.0059865076126
validation,graph_tau_0.5,5,0.02,diffusion sensitivity,754,-0.149899602721,-0.0528304832095,0.0281173932437,-1.91613093869,-0.160584957946,0.00812970405334,0.392138028449,0.597070383643,13816.966751,1674.80596897,1.22124532709e-15,1.17614251671e-15,0.08,0.00151929208757,-0.0538766071096,0.0494093915846,0.0059865076126
validation,graph_tau_0.5,10,0.02,diffusion sensitivity,754,-0.266740664374,-0.0984979235815,0.0281784475312,-3.66503716418,-0.267756206719,0.00736859606588,0.392094610738,0.597070383643,25741.732883,1561.1858216,1.22124532709e-15,1.17614251671e-15,0.08,0.00151929208757,-0.103275057431,0.0988078419059,0.0059865076126
validation,graph_tau_0.5,20,0.02,diffusion sensitivity,754,-0.454452671006,-0.183333403746,0.0284247982264,-7.1078538694,-0.454452671006,0.00584551599482,0.392008128046,0.597070383643,44914.8139393,1363.78673197,1.22124532709e-15,1.17614251671e-15,0.08,0.00151929208757,-0.20203931206,0.197572096535,0.0059865076126
validation,graph_tau_1,0,0.02,primary,754,-0.0121691851445,-0.00408374306362,0.0291685837912,-0.125729729827,-0.0656121792476,0.00999848613877,0.397328414792,0.606292147697,0,1824.60070104,1.16573417586e-15,1.155325835e-15,0.08,0.00240076058558,-0.0036673581595,0,0.00606811874508
validation,graph_tau_1,5,0.02,primary,754,-0.14959117287,-0.0527156438806,0.029176349763,-1.84139258465,-0.162036703431,0.00922068532183,0.397283777311,0.606292147697,13986.2902329,1696.10620894,1.16573417586e-15,1.155325835e-15,0.08,0.00240076058558,-0.0537251141007,0.0500577559412,0.00606811874508
validation,graph_tau_1,10,0.02,primary,754,-0.267895546826,-0.0989727161901,0.0292245921137,-3.55083376512,-0.270001542495,0.00844266137038,0.397239326546,0.606292147697,26033.2191706,1579.54624759,1.16573417586e-15,1.155325835e-15,0.08,0.00240076058558,-0.103771668449,0.10010431029,0.00606811874508
validation,graph_tau_1,20,0.02,primary,754,-0.45742017854,-0.1848207821,0.029441329338,-6.92330842528,-0.45742017854,0.00688594777798,0.397150883528,0.606292147697,45346.2810838,1377.4009366,1.16573417586e-15,1.155325835e-15,0.08,0.00240076058558,-0.203831403457,0.200164045298,0.00606811874508
validation,graph_tau_2,0,0.02,diffusion sensitivity,754,-0.0182472483194,-0.00613597452058,0.0303621423962,-0.187554538356,-0.0713790886765,0.0122382421885,0.399529992158,0.6109715498,0,1828.5282126,1.4155343564e-15,1.34614541736e-15,0.08,0.000413863678857,-0.0056945576006,0,0.00610842127946
validation,graph_tau_2,5,0.02,diffusion sensitivity,754,-0.155526768087,-0.054930563146,0.030378814046,-1.84436748987,-0.169185269743,0.011510777431,0.399485233385,0.6109715498,13997.5931854,1699.11872092,1.4155343564e-15,1.34614541736e-15,0.08,0.000413863678857,-0.0560296970071,0.0503351394065,0.00610842127946
validation,graph_tau_2,10,0.02,diffusion sensitivity,754,-0.273610493939,-0.101329600731,0.0304362451273,-3.49430782071,-0.277005290237,0.010783137784,0.39944068167,0.6109715498,26046.2981233,1581.79329363,1.4155343564e-15,1.34614541736e-15,0.08,0.000413863678857,-0.106353609381,0.100659051781,0.00610842127946
validation,graph_tau_2,20,0.02,diffusion sensitivity,754,-0.462551960585,-0.18740577468,0.0306720877843,-6.74776010954,-0.462551960585,0.00932731446772,0.399351850847,0.6109715498,45344.0817762,1378.47944568,1.4155343564e-15,1.34614541736e-15,0.08,0.000413863678857,-0.206967890427,0.201273332827,0.00610842127946
validation,baseline,5,0,borrow sensitivity,754,-0.14896832914,-0.0524838216702,0.0334937377682,-1.59269190909,-0.171118768298,0.016806187673,0.396187123888,0.612901256959,13859.4207289,0,3.52495810318e-15,3.38618022511e-15,0.08,-0.00342562753861,-0.0533452051485,0.0499195776099,0
validation,graph_tau_1,5,0,borrow sensitivity,754,-0.134009211247,-0.0469496574843,0.0291892929899,-1.63270727555,-0.147925447028,0.00913758218514,0.397288346177,0.606292147697,14111.3763554,0,1.16573417586e-15,1.155325835e-15,0.08,0.00240076058558,-0.0476575710327,0.0500583316183,0
validation,baseline,5,0.05,borrow sensitivity,754,-0.187004431636,-0.0668533632355,0.0334696790192,-2.05033009085,-0.20522287733,0.0170163552848,0.396175804031,0.612901256959,13553.1749295,4150.14590637,3.52495810318e-15,3.38618022511e-15,0.08,-0.00342562753861,-0.0686238900241,0.049918151308,0.0152801111775
validation,graph_tau_1,5,0.05,borrow sensitivity,754,-0.172440970688,-0.0612996483378,0.029160935393,-2.15447234998,-0.182767497269,0.00934534001818,0.397276926402,0.606292147697,13801.4383733,4184.75041454,1.16573417586e-15,1.155325835e-15,0.08,0.00240076058558,-0.0628264290037,0.0500568927266,0.0151702968627
validation,baseline_matched,5,0.02,matched gross control,754,-0.146646835532,-0.0516207563979,0.0311372876717,-1.68643548639,-0.165721454362,0.015965092621,0.366992926402,0.563811904178,12865.4461455,1570.53925098,2.19269047363e-15,2.10942374679e-15,0.08,-0.00062696283314,-0.0525110268796,0.0462411087267,0.00564295531982
validation,graph_matched,5,0.02,matched gross control,754,-0.140840811523,-0.0494690638773,0.0272373214732,-1.84889698988,-0.152797875486,0.00832579967008,0.371165463756,0.563811904178,13102.4821705,1581.29302226,1.16573417586e-15,1.155325835e-15,0.08,0.00205080206882,-0.0503590016843,0.0467668484333,0.00564295531982
