path,stage,type,bytes,sha256
outputs/comparison/06-graph-comparison.png,comparison,png,319676,7c7345342901fbec4da830c9c11c646f0e8a441e806858b030b79d5256174bf1
outputs/comparison/07-diffusion-and-costs.png,comparison,png,140940,424669d8c8f8da49c20999094ab6542467517c1aac9f971485057855d27ecd8c
outputs/comparison/08-paired-uncertainty.png,comparison,png,114258,83fba76f21b57f29f5599ccaf5ab4e08c1d21f0adc21886a8b76d65e262b49d6
outputs/comparison/09-return-and-cost-components.png,comparison,png,91730,aa0e18ab9da2d601f811088a67c1fb72a76641134542fae96bb333739e4cbb28
outputs/comparison/10-graph-signal-snapshot.png,comparison,png,277346,6b189ceec0014e222cc348115044c6e5686e582e97987fdafc43b27ecd226c67
outputs/comparison/Graph-Diffusion-Explorer.html,comparison,html,6387459,1379e28c6c377eb8e9b6a8c34811a49d4662554cf46c8d5887c488c558d5b7c7
outputs/comparison/calendar-year-returns.csv,comparison,csv,753,fae4cf3248787f3c510e7f8d0c088f1aa914cca1f896fa56fc5db7f2e11e6ea3
outputs/comparison/comparison-summary.csv,comparison,csv,13750,28c78ca04d6b9698edd5e4e0fff33ce1ca1d318ae269eba7877ecff65ca7b83e
outputs/comparison/development-paired-returns.csv,comparison,csv,114745,d9da7ec0bd74c200c9865a39222adee7f439cbd7dfc19920cf67921e2b7f79a6
outputs/comparison/development__baseline-weights.csv,comparison,csv,705599,d67ef31547291636830635a552ad5b7f2a41b63a47375aacfa6821841e7dcf45
outputs/comparison/development__baseline__fee0__borrow0.02-ledger.csv,comparison,csv,396000,8cde74fbd4514cea678141c0b72bd40161914a16e8e1d95caf4043b0dc6ce7d5
outputs/comparison/development__baseline__fee10__borrow0.02-ledger.csv,comparison,csv,445363,cc0cdc96be956a8942b063b779702f369fd4de909f0059c68ef33f246b8173e8
outputs/comparison/development__baseline__fee20__borrow0.02-ledger.csv,comparison,csv,445540,b3e397e0cb8c44d3b582587a1f6fdbd93804574011266de5bc6c2e9e44688670
outputs/comparison/development__baseline__fee5__borrow0-ledger.csv,comparison,csv,396018,dfe02ab406701631ee388e0145401c311297694197f1a183ada02620e71615f8
outputs/comparison/development__baseline__fee5__borrow0.02-ledger.csv,comparison,csv,445151,7ff68b95569325000efc4bcf4e90759e0cb3ca956727ea2f0179389dbeb5c201
outputs/comparison/development__baseline__fee5__borrow0.05-ledger.csv,comparison,csv,444985,60a620a0371988023ef64acd53a89e94c3245e261a7e8fd37255512c176afa18
outputs/comparison/development__baseline_matched-weights.csv,comparison,csv,715964,6bfb59ca5bdba72bf0aa1e1497bf1dbbfe8b89c3e1c050f4a41b5915d9360ffb
outputs/comparison/development__baseline_matched__fee5__borrow0.02-ledger.csv,comparison,csv,455132,8147247d851eb2855142119e8374b41bb89547429bc5ba4602463892deabdc8c
outputs/comparison/development__graph_matched-weights.csv,comparison,csv,716334,fcf7f220dd959ae6fffd72c374d5fb218d97a6d7b1c2a4c5a20d17249a1cfbad
outputs/comparison/development__graph_matched__fee5__borrow0.02-ledger.csv,comparison,csv,453855,56d97041af5e645da78baf44805bea583819928b01e1f8dbbeb7d85d49a944bd
outputs/comparison/development__graph_tau_0.5-weights.csv,comparison,csv,706510,98a28d7e69ffe5b011492a4efd2c9920db8c88c1f8b490122f67b248cfd1e19c
outputs/comparison/development__graph_tau_0.5__fee0__borrow0.02-ledger.csv,comparison,csv,395158,ba035627e7dc5f4510f345df8ab0f9cd698e3ee575047643fdff0b89bbc94eb4
outputs/comparison/development__graph_tau_0.5__fee10__borrow0.02-ledger.csv,comparison,csv,444847,3be80c94733a294efd6008eaa4fea0e235d80f76671ec32edb6dc8af6a44f830
outputs/comparison/development__graph_tau_0.5__fee20__borrow0.02-ledger.csv,comparison,csv,444836,54d886249d102d5a0e062379bccf490f12f48e9b6b64bb1aab29081cb6ce8aef
outputs/comparison/development__graph_tau_0.5__fee5__borrow0.02-ledger.csv,comparison,csv,444331,37b1630daa1323ac806809e37ca8b8a49f72608019294f95cf7b6af8f31f5af9
outputs/comparison/development__graph_tau_1-weights.csv,comparison,csv,705899,cdb2b7988fd194390b29be5b05818a9090ab59c181c17289ab9a5ab3d22f2d6f
outputs/comparison/development__graph_tau_1__fee0__borrow0.02-ledger.csv,comparison,csv,394709,1b143c07852a32debd0fd91713be266bef849ee2aa21fc46d209ca26489eac5f
outputs/comparison/development__graph_tau_1__fee10__borrow0.02-ledger.csv,comparison,csv,444122,aa0fc146c7457b332bcc2808bcb227755f4439096b6692a65c7bb35d680b7cb5
outputs/comparison/development__graph_tau_1__fee20__borrow0.02-ledger.csv,comparison,csv,444487,458d0ae74410bb687fa42a9b7cd04223dcba69c108b51e3c255e684198d2ec10
outputs/comparison/development__graph_tau_1__fee5__borrow0-ledger.csv,comparison,csv,394787,94026c0323fcf9ccbee5c07e38ab210d32da795017e13c5c5e630d908f4fa866
outputs/comparison/development__graph_tau_1__fee5__borrow0.02-ledger.csv,comparison,csv,443791,43ddfd3b7e562ada6a21068acd82dffe9df24c8c4e91d8a0595518ebfa094e77
outputs/comparison/development__graph_tau_1__fee5__borrow0.05-ledger.csv,comparison,csv,443613,39f4cce88748615a728ae83dd2c82b42085ae37fab0e8c23a113295f9ab33906
outputs/comparison/development__graph_tau_2-weights.csv,comparison,csv,705530,cd9b581d0750ab975f4ff28ea790efcfb61c963a3ccb0140f2c42164554f37e2
outputs/comparison/development__graph_tau_2__fee0__borrow0.02-ledger.csv,comparison,csv,395001,a6a915d42a7e70e84e5d3ba014fb96408de4dbd92f7241008691c7eaed4ddf80
outputs/comparison/development__graph_tau_2__fee10__borrow0.02-ledger.csv,comparison,csv,444677,7b82b2ed0f88bab6a4c0194a5287696c0c19da048f6b00e4ba91946117d63991
outputs/comparison/development__graph_tau_2__fee20__borrow0.02-ledger.csv,comparison,csv,444666,0321ad4ab4e06a940670ef0ae244158ce20e14d32303fa914693c089933f6800
outputs/comparison/development__graph_tau_2__fee5__borrow0.02-ledger.csv,comparison,csv,444218,9d976303be90a4066f01431bf08ba581449e46cff672a03dbd166cba1f2960e4
outputs/comparison/experiment-register.json,comparison,json,33018,79d4a0ff927f9b0b9483d39ae08f559984b5e8f73aded2770c63248a6108f004
outputs/comparison/graph-diagnostics.csv,comparison,csv,118366,f4596c23f0625b7fd1e8043434507a840f4af25b9c4a6dfeb506eafe83f037f4
outputs/comparison/graph-snapshots.json,comparison,json,850102,bf61db724b3fb3575a701ba5f70a5b53eee9600077f50ba0b84e9cef1823dd80
outputs/comparison/paired-uncertainty.csv,comparison,csv,927,38078006184d425de9625899dc8506781fa16774bb2040ca4676f551204be044
outputs/comparison/run-manifest.json,comparison,json,1226,da940c60c1f1155cc2f4135aaa7fef28fd95bed69d7f411f9d5c19b545d57095
outputs/comparison/validation-paired-returns.csv,comparison,csv,48987,9f4021e3588f9c206a189fc25121dec80aa23a73ce280fa90921cd50952dcb49
outputs/comparison/validation__baseline-weights.csv,comparison,csv,302121,3eb48809a036fd1a6907388fa522cead4165f6baa0849c39ff12329a4759b16e
outputs/comparison/validation__baseline__fee0__borrow0.02-ledger.csv,comparison,csv,169364,c8a591b73325f4dfbeb460a17c535baf0d5f8721d6bbdeec3a3bdd59770cc177
outputs/comparison/validation__baseline__fee10__borrow0.02-ledger.csv,comparison,csv,190419,e33a6d22d6d0be581b1c40ee440ce034d5f3e7bf599ae19a50d78577b6797b11
outputs/comparison/validation__baseline__fee20__borrow0.02-ledger.csv,comparison,csv,190376,3b20418700e07a50d2c4c23ad27b97b807ed93b8fe1f8beadcd293708dcf2ce4
outputs/comparison/validation__baseline__fee5__borrow0-ledger.csv,comparison,csv,169439,e20d47d777e36c95dfa2bea36c92093f807be60de034efa5954b30fc970ecd02
outputs/comparison/validation__baseline__fee5__borrow0.02-ledger.csv,comparison,csv,190339,9528218446d48e23c632e1e732262547d261c7c81d5236a0a30f2b35372426f3
outputs/comparison/validation__baseline__fee5__borrow0.05-ledger.csv,comparison,csv,190308,42c2d36e62052e07e259cd2b5c5c28cf1d141e4223e702fe8f4f5f0167986cc5
outputs/comparison/validation__baseline_matched-weights.csv,comparison,csv,306839,210e3c87657563d3996a80d567424a6a6323544fd3bf69da050fed0daf7bde7d
outputs/comparison/validation__baseline_matched__fee5__borrow0.02-ledger.csv,comparison,csv,194669,9175fb640e48559e38a3307989154759be5423e3c7579413ca22f1d34cabb0d6
outputs/comparison/validation__graph_matched-weights.csv,comparison,csv,306401,34d9831c2af26a3ce2ae186830b587306d972ce0f6acd52daac71fdc23d89144
outputs/comparison/validation__graph_matched__fee5__borrow0.02-ledger.csv,comparison,csv,194180,111635e1153622b1e4816500494e1d57a90327cd1bf63649abb8728afcf03ab5
outputs/comparison/validation__graph_tau_0.5-weights.csv,comparison,csv,302334,74c94ab779a3c029d6909e86aa10f9709fe43046014b3344cb6256f36b6ba162
outputs/comparison/validation__graph_tau_0.5__fee0__borrow0.02-ledger.csv,comparison,csv,169039,28ae53f2f4df6517ee8d3fdd2b8f0bb702e7616a1e5c28c9dd354997ad3f3924
outputs/comparison/validation__graph_tau_0.5__fee10__borrow0.02-ledger.csv,comparison,csv,190145,1256e70cce6c232e5e5023ddb42f671dba52cef61052a043e6d9cc1fe15e83ba
outputs/comparison/validation__graph_tau_0.5__fee20__borrow0.02-ledger.csv,comparison,csv,190075,baa589334c754b92aea3504cd862f1a18c2d9de43da84f89e01326bfd54036af
outputs/comparison/validation__graph_tau_0.5__fee5__borrow0.02-ledger.csv,comparison,csv,190012,5931d57026f878821faa078bdda6a544bd8bd398ab0fd434b2d15e2450a64fee
outputs/comparison/validation__graph_tau_1-weights.csv,comparison,csv,302247,e962fa387f568e752771bc2d3148a5a7834ec6b92f28cd256a19781e64d3a53e
outputs/comparison/validation__graph_tau_1__fee0__borrow0.02-ledger.csv,comparison,csv,169213,7e2ee3a7fb09089fccefb4df9142b83c9f6769532e5f84cefa946a4012878811
outputs/comparison/validation__graph_tau_1__fee10__borrow0.02-ledger.csv,comparison,csv,190284,4295462dd0fa87508cbff3714e61fc9e4c45e54f06c867ca2f1959c24be73882
outputs/comparison/validation__graph_tau_1__fee20__borrow0.02-ledger.csv,comparison,csv,190275,5a739ed6a57f82762651c8c5c18906b2cf88d2d0af3a0634a0836bd3dba83f8e
outputs/comparison/validation__graph_tau_1__fee5__borrow0-ledger.csv,comparison,csv,169310,5e75b535e964f4753adcd385d5742a4ec48416af90f1b67199a42d722c455e75
outputs/comparison/validation__graph_tau_1__fee5__borrow0.02-ledger.csv,comparison,csv,190225,7d66d75e8d40966eab02f5e2d83facc1100a1bb1886030928bd5a6d01b79664d
outputs/comparison/validation__graph_tau_1__fee5__borrow0.05-ledger.csv,comparison,csv,190292,21ca6ff8281f87accfa656b5683c2ae6be1d41a4435c7aca62a9f98a69bcb24b
outputs/comparison/validation__graph_tau_2-weights.csv,comparison,csv,302147,0c62ad9a2e68f1e18ee4a9afd68b6fcfe4afa511c84858c54c09bbbc8bd3be7d
outputs/comparison/validation__graph_tau_2__fee0__borrow0.02-ledger.csv,comparison,csv,169060,5b03b0dc2e933dcfd8ac75f24500fbdf4f008791d112841240226a5a3d77fb54
outputs/comparison/validation__graph_tau_2__fee10__borrow0.02-ledger.csv,comparison,csv,190109,89ba309e36a3ce0df85477c40b0fd6645a06d27d25920d1d9ebd04e88b52ecf1
outputs/comparison/validation__graph_tau_2__fee20__borrow0.02-ledger.csv,comparison,csv,190096,fd7773e9ebbcf9dd98ad349006189a1a5247694726a1799d26d71ce8e68586e1
outputs/comparison/validation__graph_tau_2__fee5__borrow0.02-ledger.csv,comparison,csv,190016,322c4fc2e0f9d6fc417fa8f6d6c6a42484794c080c1c56bf244a1b63243721f5
outputs/final/13-final-performance.png,final,png,289481,6613bedf38afc3e3a3393488b1f87b9a8231a74ae40a74c90f0dbe718c43b84b
outputs/final/14-final-inference.png,final,png,77636,cef746a7c182e94c8de033df5bd8a8136d905fd7f63463a0dc37373621090fa5
outputs/final/15-final-costs.png,final,png,161530,5dbe01dee2a78c7c7c092124637f00b93f2c67d52b7b6e070286b06deaa73ba2
outputs/final/16-final-topology-transfer.png,final,png,109405,eb6d01f659657567e68a9a3bda32988b516077989ce48bb38b9cb2db3a37126a
outputs/final/baseline-weights.csv,final,csv,602907,51c9531e60b87d99ef85354da5b8bf80e03d14f0a3cd5589660ccebdd243c77b
outputs/final/baseline_matched-weights.csv,final,csv,613391,89b9acb4955aea60e52dd3f18a96a9787e1df98c2550d884bf05c8e9fb66fe73
outputs/final/calendar-year-results.csv,final,csv,1524,7eca6f1031eeedad6332326ea7189896f9ea11e621203905e559e56b25026914
outputs/final/data-audit.csv,final,csv,3004,25a3fb46e80c15b333777497d78c2c7626f542154a1098521c8cb4debb1b80b0
outputs/final/evidence-gate.json,final,json,333,e706574d22c0e1c4ef5b032907a54f8f11513223c62755714000739f03ed3b3d
outputs/final/experiment-register.json,final,json,15954,c9a84aaf20572e9e87ef71f1e6d393f74cd61d4b0e610390665d34825e036fcf
outputs/final/exposure-diagnostics.csv,final,csv,201890,4bef63e029879b5364a936c31722e620ca022d569170d8be95b244ae781365cb
outputs/final/final-summary.csv,final,csv,7149,7c3a64ab473b8da6bc9465119ea7421619fe08d5198f6e56ed719a21d8c94f08
outputs/final/final_test__baseline__fee0__borrow0.02-ledger.csv,final,csv,337962,89304fcc9f59fdf80f68291f1f19c1bf1a70186cf7da5118e8ef918d89f7fb94
outputs/final/final_test__baseline__fee10__borrow0.02-ledger.csv,final,csv,380211,576bdf2651e7acae26a85855de849504eb2ddd04e0fc78188bfa94f2e14749fb
outputs/final/final_test__baseline__fee20__borrow0.02-ledger.csv,final,csv,380207,134d84404640386d0e465d7c40520fd45b033c41944c08a21da2dced0e6f9765
outputs/final/final_test__baseline__fee5__borrow0-ledger.csv,final,csv,338013,895d68f28277f7caea10d58a6cc1ed8b0969e2767c1c13a4daf2b575ce43eb2f
outputs/final/final_test__baseline__fee5__borrow0.02-ledger.csv,final,csv,379989,6bebaa053d80abdc3d284ee48747b0db502f34d0e153d41d26ab1953995bfa31
outputs/final/final_test__baseline__fee5__borrow0.05-ledger.csv,final,csv,379932,cb682389d4f8beb7fed891edeca5d75da751714d224a12f266889d0cc68e17b1
outputs/final/final_test__baseline_matched__fee5__borrow0.02-ledger.csv,final,csv,389977,5ae9d01f7ec1a7a9dc5f54228dd25b52050c9e4e8afae12a95117797f7f0041f
outputs/final/final_test__graph_matched__fee5__borrow0.02-ledger.csv,final,csv,385590,7fb38a1ddc0a6b3ddc609c7c5a4595b520d0e2e3a934dcb4afcc306d4c24ee9f
outputs/final/final_test__graph_tau_0.5__fee0__borrow0.02-ledger.csv,final,csv,336654,866c37886cb12ae7b3f657658b689642561e21cedf8ab0a87f504a08a929ae33
outputs/final/final_test__graph_tau_0.5__fee10__borrow0.02-ledger.csv,final,csv,378939,bd2dcdba2d25190fb83b3d2fa9cac4e6470845649b63e482a39e59fe2cad69ef
outputs/final/final_test__graph_tau_0.5__fee20__borrow0.02-ledger.csv,final,csv,379039,83808130b1785655ee9fbda8013dbdb2f4d0f492e7b552acc8116fd4b038021e
outputs/final/final_test__graph_tau_0.5__fee5__borrow0.02-ledger.csv,final,csv,378615,3ac3e2c4b7d8dd8d0d089caa3d5e851a44801e263e9f25bddebc282f0124bd18
outputs/final/final_test__graph_tau_1__fee0__borrow0.02-ledger.csv,final,csv,336564,ad2ac807942200ad4d0a342f458dfe798ae9110ca6bd275312f288c7744af33c
outputs/final/final_test__graph_tau_1__fee10__borrow0.02-ledger.csv,final,csv,378815,f1c8d9bba5b798ce4cb358c5d3cdd22b1711873772a7ca8b769c5d9adbbe0555
outputs/final/final_test__graph_tau_1__fee20__borrow0.02-ledger.csv,final,csv,378878,a87cfdfffdc9157675b42e0f861dda8154fb4c4b97a9017a321096ab65bc7ac5
outputs/final/final_test__graph_tau_1__fee5__borrow0-ledger.csv,final,csv,336618,c8c77535bff51cf3faff0d08e2050d8946ecd0e0a8bdd85c36c4c797e0055b23
outputs/final/final_test__graph_tau_1__fee5__borrow0.02-ledger.csv,final,csv,378583,3ee24760efdd6865cdbde8026b204958c0ff8f0a076cbbfce13494b10faecea5
outputs/final/final_test__graph_tau_1__fee5__borrow0.05-ledger.csv,final,csv,378464,6104e26c628276439c71bdd2632f32fbd699b74f3dcc75dcf417f4e8c2935565
outputs/final/final_test__graph_tau_2__fee0__borrow0.02-ledger.csv,final,csv,336940,0958f3691e7ac19237b3fcb56907d069e247b14c6a7f84b285565d54e3134a66
outputs/final/final_test__graph_tau_2__fee10__borrow0.02-ledger.csv,final,csv,379258,8df062a0eda31ae92c3a3901654edba50f3fd22631acc25d757a367b5e369ebc
outputs/final/final_test__graph_tau_2__fee20__borrow0.02-ledger.csv,final,csv,379227,a8d872f5adeee224f0ce70e487e2bfbcf9fd090a58732f3728372f15cf4cc3cd
outputs/final/final_test__graph_tau_2__fee5__borrow0.02-ledger.csv,final,csv,378980,41685b631aee6cfaab5a77e38c85a5bb82d82da895690b2a67fcda960520e8eb
outputs/final/graph-diagnostics.csv,final,csv,67649,873597f75fd36402e9e1ce24272ad84dc1f10da4c6c0a8f75802fa3c60fb0ea0
outputs/final/graph_matched-weights.csv,final,csv,610953,6335addf513d73c7a561eba1e0086fe925f3187e3791789fe273824131de44e4
outputs/final/graph_tau_0.5-weights.csv,final,csv,603986,3e1ab09009b94eaa1c919f0a1909f3104a5a5709058ce8fef2b7b3654cb1e9bc
outputs/final/graph_tau_1-weights.csv,final,csv,603520,ff2478cf3a32b2e46b79b9b9e3d878398f26c34a4994331bae4d479f86b8e74f
outputs/final/graph_tau_2-weights.csv,final,csv,603387,73751b41976b16039791f044596831d2d6bdd6bd6c592db1a5aca824c053b984
outputs/final/holdout-release.json,final,json,288,1b092c6b4388eb247017c7f5a475e49e31c980b9a1f1660d62595cc31814b22a
outputs/final/matched-paired-returns.csv,final,csv,43768,fcd359bd2e82e25f2ae9207e9235867043db56349517b3c6715407cf654f7c5c
outputs/final/matched-uncertainty.csv,final,csv,307,da9bd29830b17f244e3f82261127bebcddc090807796acb71924fe35a9b468ae
outputs/final/mean-inference.csv,final,csv,3229,e2553b2612f933ebd1902470543bc702ba384c330fd8fb30455b207f64d72f88
outputs/final/milestone-5-results.md,final,md,2358,74d82f8e40012184f6a8a9ecf5f58b0cad2ac4497a52428fd08e6c52389e8d49
outputs/final/paired-returns.csv,final,csv,97180,a8eecf489421db3bf3f40bc0382b3c75a4af2b65cedb1c48a2be27ba5b64e8c4
outputs/final/primary-bootstrap-means.csv,final,csv,559437,c0213285c32f2dda00b3ed02f93707ad7a55986be9e3f3d2835929c14055110c
outputs/final/run-manifest.json,final,json,7187,9308b44127708724b4e95b068c73f9ff5dca8a26fb8fd56acd9faa66a709f332
outputs/final/topology/Final-Test-Landscape-Explorer.html,final,html,5753970,558172eb19440b1ab711e91d797631281426aca55105db3987e8f9dfeca3a767
outputs/final/topology/control-correlations.csv,final,csv,2246,4dbf65721f6c5c7272a08d5ef64338ef22347cac0e62d0593b0c80c6b0d0ccae
outputs/final/topology/control-model-predictions.csv,final,csv,1243167,d4fb157360fb27782dde08b9ad6c3cd55ed817d190ac08eb58df138cb0171a38
outputs/final/topology/control-model-scores.csv,final,csv,736,855780b0b9ebe9d2b5c4f9468ba6af844f843469cd323637b1194b52a3d4e1ac
outputs/final/topology/diagram-stability.csv,final,csv,15029,e9ff2107f854d55dcbb880251139ab2f9444c5b457165224c4ae6d66893f2957
outputs/final/topology/explorer-figure.json,final,json,934952,171b179b2a413c083ad1f0be496aa444e0873a7933a22751f943b7b29b509254
outputs/final/topology/features.csv,final,csv,580255,19d6faf3c90a591cc8cca7a4096c18c2cc707c6e0c8d3d6f5c7d4136dba6ef41
outputs/final/topology/monthly-diagrams.json,final,json,423868,172cc04a816d25972d08f7d319ed93232f8a49f16de783c39bc5aa18dd31c43a
outputs/final/topology/window-sensitivity.csv,final,csv,415,85b6191813780c5e99995f3d28d0bdf2dde6621388f6efefb2047f6e7127ca55
outputs/historical/03-historical-baseline.png,historical,png,249501,de49c28c13460eab50e159f6342b288b4b14a5f88e9aa53b223e798e556413cd
outputs/historical/04-costs-and-beta.png,historical,png,208013,7a0e127fa4ba8926bbc77692c2c7936d71032852fae404cadbb2865c4709b384
outputs/historical/05-correlation-snapshot.png,historical,png,108343,0d15cbe72ffe7a69e59e255a1d54f8d8499dec8854b1e45d84d17ca33b26473c
outputs/historical/Historical-Correlation-Explorer.html,historical,html,8753846,9d8168717375572f9f94cd4d783b9ee6baa33b51308aaf1dfab939ef4174c676
outputs/historical/baseline-summary.csv,historical,csv,1937,c7510145bb86ea900575459d6f3fe14655bda52bad8eacb0efaeb41af5bdee90
outputs/historical/correlation-snapshots.json,historical,json,1373343,39cd4dc212567c172832ddad33f46c62692b58c39519633559421ba4324d0fca
outputs/historical/data-audit.csv,historical,csv,1720,eac294fcffe62a63db65822e5c5fcc12a8ad287d4d853d7a12da80c4cfa7d95e
outputs/historical/development-0bps-ledger.csv,historical,csv,396000,8cde74fbd4514cea678141c0b72bd40161914a16e8e1d95caf4043b0dc6ce7d5
outputs/historical/development-10bps-ledger.csv,historical,csv,445363,cc0cdc96be956a8942b063b779702f369fd4de909f0059c68ef33f246b8173e8
outputs/historical/development-20bps-ledger.csv,historical,csv,445540,b3e397e0cb8c44d3b582587a1f6fdbd93804574011266de5bc6c2e9e44688670
outputs/historical/development-5bps-ledger.csv,historical,csv,445151,7ff68b95569325000efc4bcf4e90759e0cb3ca956727ea2f0179389dbeb5c201
outputs/historical/development-weights.csv,historical,csv,705599,d67ef31547291636830635a552ad5b7f2a41b63a47375aacfa6821841e7dcf45
outputs/historical/run-manifest.json,historical,json,625,8c3d099be2dac616cf99953da9840c1946bb001abe6d72ba3cbd3ff463fc3e23
outputs/historical/validation-0bps-ledger.csv,historical,csv,169364,c8a591b73325f4dfbeb460a17c535baf0d5f8721d6bbdeec3a3bdd59770cc177
outputs/historical/validation-10bps-ledger.csv,historical,csv,190419,e33a6d22d6d0be581b1c40ee440ce034d5f3e7bf599ae19a50d78577b6797b11
outputs/historical/validation-20bps-ledger.csv,historical,csv,190376,3b20418700e07a50d2c4c23ad27b97b807ed93b8fe1f8beadcd293708dcf2ce4
outputs/historical/validation-5bps-ledger.csv,historical,csv,190339,9528218446d48e23c632e1e732262547d261c7c81d5236a0a30f2b35372426f3
outputs/historical/validation-weights.csv,historical,csv,302121,3eb48809a036fd1a6907388fa522cead4165f6baa0849c39ff12329a4759b16e
outputs/synthetic/01-performance-and-exposures.png,synthetic,png,410051,b2f5a81a6af5cb25d984756cd6c02672c248dd2e8f40d5fcf0ee428aff390f10
outputs/synthetic/02-graph-diffusion.png,synthetic,png,140950,cc509705ee4e2a48d86bd1b23a5508e8b03da3d337833e49df165e805489d4c4
outputs/synthetic/baseline-ledger.csv,synthetic,csv,160186,53f4fc98edee248fbab53da3792d2e297ee48bae139570af6087a0730c713cd8
outputs/synthetic/baseline-trades.csv,synthetic,csv,344111,8a76b0d0b75409af142f5c46ca85d96a9a63f965ac97da291221a3af8cb30633
outputs/synthetic/baseline-weights.csv,synthetic,csv,390625,dbf1bc0b519062a0042d824f239553630c72d0f6933ba488e4a051973a58d680
outputs/synthetic/decision-betas.csv,synthetic,csv,339210,9fa2b3620f36979f67195a68382377fd34084449442dfe4c56dc66c9a1f96fa7
outputs/synthetic/graph-diagnostics.csv,synthetic,csv,28959,1c5873b13ab2795568b35fd3d8e1992a4511323f2b6450857f2a070d1beb11d0
outputs/synthetic/graph-ledger.csv,synthetic,csv,159347,f9fabdbeb4d641b0de614be203d4461e73b687287d4632088f14a7db66e9819b
outputs/synthetic/graph-trades.csv,synthetic,csv,344026,98f00500f67b770a98dee2ade4f23721f963bde2000cd8dfdc0bf229a13eca6b
outputs/synthetic/graph-weights.csv,synthetic,csv,390917,a96c9ce948cf645b916e379f95604c6a5fccb6d1ba961ee03cbdff6b7704fa42
outputs/synthetic/input-prices.csv,synthetic,csv,537048,b66c136b727660ce01e5a800b35f413aee2b19c2e1253828d4d282bd9159955a
outputs/synthetic/milestone-1-results.md,synthetic,md,1803,843bcaa9d0f26874270e25e992b1e976964957d4eaafff819ff4311b6dc85967
outputs/synthetic/run-manifest.json,synthetic,json,2267,e0f0f85f25261592c752076c295bf1a71fad8133b95f1c463c3b7e77bcee2c85
outputs/synthetic/summary.csv,synthetic,csv,649,ce87b5b8b43168ad9a5ba672b623dec9d3480920f8bbc5e031f0780a05663d0d
outputs/topology/09-topology-features.png,topology,png,355053,51a489c02b5e1400174d0371cc7c2456c5a831c2707ff527b179b7d6f19b9217
outputs/topology/10-control-redundancy.png,topology,png,129288,6ef8a6acb5daaec90395f6aadf0c976581c243c80a6ec07ebc0fa8644fade466
outputs/topology/11-window-sensitivity.png,topology,png,83993,5710a01ccb792016396ed2a0c0425afbead1f8d2e7a0b1e89ff0a38b5de6eb0c
outputs/topology/12-persistence-landscape.png,topology,png,233243,642a59ac8dff56a753841c55715b7bc7c540533a7499542ecf43b9df0b40a74f
outputs/topology/Persistence-Landscape-Explorer.html,topology,html,6356929,74d183746766f6bb4ccb532b78eb8f75e96ef4a6aa185ffbdba606f7be5eb09f
outputs/topology/control-correlations.csv,topology,csv,4456,5f48ade8fbcf066c02be51bc1eb601845436daa73f3f780b64a20ebf350df01c
outputs/topology/control-model-predictions.csv,topology,csv,2439555,fb279f56ad588765617fe3161abf856e380744a7cdf33c31160de91f0e000ce3
outputs/topology/control-model-scores.csv,topology,csv,1427,45ffa3bc941d1a505d4d95391bbbefab5c443c6fb9d762efec07377a49b5b868
outputs/topology/control-models.json,topology,json,6106,af2b16acd1fccb32f9be06d751f7087c19ff5ef0ac1b19ceb9fe2e8614138fa9
outputs/topology/diagram-stability.csv,topology,csv,25027,6bc6dc2744174de07d6ad36a846070f11c3427bb2659aa11a3854e73c348a786
outputs/topology/explorer-figure.json,topology,json,1537962,d98bfa2deb1ea2caee133f1dab06741149eed45b904ba6398d1d5400f3896336
outputs/topology/features.csv,topology,csv,970885,956f8044c27540f181f0dbce6e78ac8a6d70fec4adf515f4cef5ef799ac87ce6
outputs/topology/milestone-4-results.md,topology,md,1591,57699d20cec6f3610739a8953f1913cc393f2f1d4c367569c6fbcc9513b7b915
outputs/topology/monthly-diagrams.json,topology,json,702609,4be53d410d2af6d8de1aa78dcc2144a07e36abbf06c19b653190da210db79ef7
outputs/topology/run-manifest.json,topology,json,1708,855981836f2fb9c6e8813d3905fa0ef2bc8e4dd49c422a38f2983c3874fba160
outputs/topology/window-sensitivity.csv,topology,csv,787,026f259cb9b6299f21d66235a48c65f9592a17883537383071794b88721e9a35
